-- MySQL dump 10.13  Distrib 8.0.37, for Linux (x86_64)
--
-- Host: 127.0.0.1    Database: thesis
-- ------------------------------------------------------
-- Server version	8.0.37-0ubuntu0.22.04.3

/*!40101 SET @OLD_CHARACTER_SET_CLIENT=@@CHARACTER_SET_CLIENT */;
/*!40101 SET @OLD_CHARACTER_SET_RESULTS=@@CHARACTER_SET_RESULTS */;
/*!40101 SET @OLD_COLLATION_CONNECTION=@@COLLATION_CONNECTION */;
/*!50503 SET NAMES utf8 */;
/*!40103 SET @OLD_TIME_ZONE=@@TIME_ZONE */;
/*!40103 SET TIME_ZONE='+00:00' */;
/*!40014 SET @OLD_UNIQUE_CHECKS=@@UNIQUE_CHECKS, UNIQUE_CHECKS=0 */;
/*!40014 SET @OLD_FOREIGN_KEY_CHECKS=@@FOREIGN_KEY_CHECKS, FOREIGN_KEY_CHECKS=0 */;
/*!40101 SET @OLD_SQL_MODE=@@SQL_MODE, SQL_MODE='NO_AUTO_VALUE_ON_ZERO' */;
/*!40111 SET @OLD_SQL_NOTES=@@SQL_NOTES, SQL_NOTES=0 */;

--
-- Table structure for table `Queue`
--

DROP TABLE IF EXISTS `Queue`;
/*!40101 SET @saved_cs_client     = @@character_set_client */;
/*!50503 SET character_set_client = utf8mb4 */;
CREATE TABLE `Queue` (
  `id` int NOT NULL AUTO_INCREMENT,
  `boxId` int NOT NULL,
  `task` int DEFAULT NULL,
  `trayId` varchar(45) DEFAULT NULL,
  PRIMARY KEY (`id`),
  UNIQUE KEY `id_UNIQUE` (`id`)
) ENGINE=InnoDB AUTO_INCREMENT=377 DEFAULT CHARSET=utf8mb4 COLLATE=utf8mb4_0900_ai_ci;
/*!40101 SET character_set_client = @saved_cs_client */;

--
-- Dumping data for table `Queue`
--

LOCK TABLES `Queue` WRITE;
/*!40000 ALTER TABLE `Queue` DISABLE KEYS */;
INSERT INTO `Queue` VALUES (372,207,0,'1'),(373,1,1,'1'),(374,1,1,'1'),(375,207,0,'1'),(376,2,1,'3');
/*!40000 ALTER TABLE `Queue` ENABLE KEYS */;
UNLOCK TABLES;

--
-- Table structure for table `knownBoxes`
--

DROP TABLE IF EXISTS `knownBoxes`;
/*!40101 SET @saved_cs_client     = @@character_set_client */;
/*!50503 SET character_set_client = utf8mb4 */;
CREATE TABLE `knownBoxes` (
  `id` int NOT NULL AUTO_INCREMENT,
  `width` varchar(45) DEFAULT NULL,
  `height` varchar(45) DEFAULT NULL,
  `length` varchar(45) DEFAULT NULL,
  `productName` varchar(255) DEFAULT NULL,
  `newBox` int DEFAULT NULL,
  `trained` int DEFAULT NULL,
  PRIMARY KEY (`id`)
) ENGINE=InnoDB AUTO_INCREMENT=10 DEFAULT CHARSET=utf8mb4 COLLATE=utf8mb4_0900_ai_ci;
/*!40101 SET character_set_client = @saved_cs_client */;

--
-- Dumping data for table `knownBoxes`
--

LOCK TABLES `knownBoxes` WRITE;
/*!40000 ALTER TABLE `knownBoxes` DISABLE KEYS */;
INSERT INTO `knownBoxes` VALUES (1,'17.5','24','5','Staubli Box',0,1),(2,'34.9','16','7.7','Kinect',0,1),(3,'20.5','28','9','Siemens',0,1),(4,'21.5','21.5','7.7','NTN',0,1),(7,'21.5','10','13.5','Beckhoff',1,0),(9,'10','10','10','newBox',1,0);
/*!40000 ALTER TABLE `knownBoxes` ENABLE KEYS */;
UNLOCK TABLES;

--
-- Table structure for table `storedBoxes`
--

DROP TABLE IF EXISTS `storedBoxes`;
/*!40101 SET @saved_cs_client     = @@character_set_client */;
/*!50503 SET character_set_client = utf8mb4 */;
CREATE TABLE `storedBoxes` (
  `id` int NOT NULL AUTO_INCREMENT,
  `boxId` int NOT NULL,
  `trayId` int DEFAULT NULL,
  `lastX` double DEFAULT NULL,
  `lastY` double DEFAULT NULL,
  `lastZ` double DEFAULT NULL,
  `clusterX` double DEFAULT NULL,
  `clusterY` double DEFAULT NULL,
  `clusterZ` double DEFAULT NULL,
  PRIMARY KEY (`id`),
  KEY `fk_stored_box` (`boxId`),
  CONSTRAINT `fk_boxId2` FOREIGN KEY (`boxId`) REFERENCES `knownBoxes` (`id`) ON DELETE CASCADE ON UPDATE CASCADE,
  CONSTRAINT `fk_stored_box` FOREIGN KEY (`boxId`) REFERENCES `knownBoxes` (`id`) ON DELETE CASCADE ON UPDATE CASCADE
) ENGINE=InnoDB AUTO_INCREMENT=212 DEFAULT CHARSET=utf8mb4 COLLATE=utf8mb4_0900_ai_ci;
/*!40101 SET character_set_client = @saved_cs_client */;

--
-- Dumping data for table `storedBoxes`
--

LOCK TABLES `storedBoxes` WRITE;
/*!40000 ALTER TABLE `storedBoxes` DISABLE KEYS */;
INSERT INTO `storedBoxes` VALUES (205,4,1,359.3602294921875,101.21489715576172,71.28256225585938,160.30487060546875,159.1435546875,70.8729248046875),(206,4,1,103.16991424560547,225.8903045654297,73.88919830322266,164.72103881835938,167.75753784179688,68.8729248046875),(207,2,1,308.79412841796875,242.5349884033203,73.03514862060547,200.6969451904297,98.76268005371094,67.8729248046875),(208,2,1,87.53173828125,90.84291076660156,50.02426528930664,123.8236312866211,107.13148498535156,46.8729248046875),(209,7,1,NULL,NULL,NULL,NULL,NULL,NULL),(210,1,1,241.64752197265625,83.53031921386719,102.72718811035156,124.19730377197266,115.77938842773438,96.8729248046875),(211,3,1,NULL,NULL,NULL,NULL,NULL,NULL);
/*!40000 ALTER TABLE `storedBoxes` ENABLE KEYS */;
UNLOCK TABLES;

--
-- Table structure for table `sys_config`
--

DROP TABLE IF EXISTS `sys_config`;
/*!40101 SET @saved_cs_client     = @@character_set_client */;
/*!50503 SET character_set_client = utf8mb4 */;
CREATE TABLE `sys_config` (
  `variable` varchar(128) NOT NULL,
  `value` varchar(128) DEFAULT NULL,
  `set_time` timestamp NULL DEFAULT CURRENT_TIMESTAMP ON UPDATE CURRENT_TIMESTAMP,
  `set_by` varchar(128) DEFAULT NULL,
  PRIMARY KEY (`variable`)
) ENGINE=InnoDB DEFAULT CHARSET=utf8mb4 COLLATE=utf8mb4_0900_ai_ci;
/*!40101 SET character_set_client = @saved_cs_client */;

--
-- Dumping data for table `sys_config`
--

LOCK TABLES `sys_config` WRITE;
/*!40000 ALTER TABLE `sys_config` DISABLE KEYS */;
INSERT INTO `sys_config` VALUES ('diagnostics.allow_i_s_tables','OFF','2024-03-06 16:10:56',NULL),('diagnostics.include_raw','OFF','2024-03-06 16:10:56',NULL),('ps_thread_trx_info.max_length','65535','2024-03-06 16:10:56',NULL),('statement_performance_analyzer.limit','100','2024-03-06 16:10:56',NULL),('statement_performance_analyzer.view',NULL,'2024-03-06 16:10:56',NULL),('statement_truncate_len','64','2024-03-06 16:10:56',NULL);
/*!40000 ALTER TABLE `sys_config` ENABLE KEYS */;
UNLOCK TABLES;
/*!50003 SET @saved_cs_client      = @@character_set_client */ ;
/*!50003 SET @saved_cs_results     = @@character_set_results */ ;
/*!50003 SET @saved_col_connection = @@collation_connection */ ;
/*!50003 SET character_set_client  = utf8mb3 */ ;
/*!50003 SET character_set_results = utf8mb3 */ ;
/*!50003 SET collation_connection  = utf8mb3_general_ci */ ;
/*!50003 SET @saved_sql_mode       = @@sql_mode */ ;
/*!50003 SET sql_mode              = 'ONLY_FULL_GROUP_BY,NO_AUTO_VALUE_ON_ZERO,STRICT_TRANS_TABLES,NO_ZERO_IN_DATE,NO_ZERO_DATE,ERROR_FOR_DIVISION_BY_ZERO,NO_ENGINE_SUBSTITUTION' */ ;
DELIMITER ;;
/*!50003 CREATE*/ /*!50017 DEFINER=`mysql.sys`@`localhost`*/ /*!50003 TRIGGER `sys_config_insert_set_user` BEFORE INSERT ON `sys_config` FOR EACH ROW BEGIN
    IF @sys.ignore_sys_config_triggers != true AND NEW.set_by IS NULL THEN
        SET NEW.set_by = USER();
    END IF;
END */;;
DELIMITER ;
/*!50003 SET sql_mode              = @saved_sql_mode */ ;
/*!50003 SET character_set_client  = @saved_cs_client */ ;
/*!50003 SET character_set_results = @saved_cs_results */ ;
/*!50003 SET collation_connection  = @saved_col_connection */ ;
/*!50003 SET @saved_cs_client      = @@character_set_client */ ;
/*!50003 SET @saved_cs_results     = @@character_set_results */ ;
/*!50003 SET @saved_col_connection = @@collation_connection */ ;
/*!50003 SET character_set_client  = utf8mb3 */ ;
/*!50003 SET character_set_results = utf8mb3 */ ;
/*!50003 SET collation_connection  = utf8mb3_general_ci */ ;
/*!50003 SET @saved_sql_mode       = @@sql_mode */ ;
/*!50003 SET sql_mode              = 'ONLY_FULL_GROUP_BY,NO_AUTO_VALUE_ON_ZERO,STRICT_TRANS_TABLES,NO_ZERO_IN_DATE,NO_ZERO_DATE,ERROR_FOR_DIVISION_BY_ZERO,NO_ENGINE_SUBSTITUTION' */ ;
DELIMITER ;;
/*!50003 CREATE*/ /*!50017 DEFINER=`mysql.sys`@`localhost`*/ /*!50003 TRIGGER `sys_config_update_set_user` BEFORE UPDATE ON `sys_config` FOR EACH ROW BEGIN
    IF @sys.ignore_sys_config_triggers != true AND NEW.set_by IS NULL THEN
        SET NEW.set_by = USER();
    END IF;
END */;;
DELIMITER ;
/*!50003 SET sql_mode              = @saved_sql_mode */ ;
/*!50003 SET character_set_client  = @saved_cs_client */ ;
/*!50003 SET character_set_results = @saved_cs_results */ ;
/*!50003 SET collation_connection  = @saved_col_connection */ ;

--
-- Table structure for table `training_pics`
--

DROP TABLE IF EXISTS `training_pics`;
/*!40101 SET @saved_cs_client     = @@character_set_client */;
/*!50503 SET character_set_client = utf8mb4 */;
CREATE TABLE `training_pics` (
  `id` int NOT NULL AUTO_INCREMENT,
  `picturePath` varchar(255) DEFAULT NULL,
  `boxId` int DEFAULT NULL,
  PRIMARY KEY (`id`),
  KEY `fk_training_img` (`boxId`),
  CONSTRAINT `fk_training_img` FOREIGN KEY (`boxId`) REFERENCES `knownBoxes` (`id`) ON DELETE CASCADE ON UPDATE CASCADE
) ENGINE=InnoDB AUTO_INCREMENT=6 DEFAULT CHARSET=utf8mb4 COLLATE=utf8mb4_0900_ai_ci;
/*!40101 SET character_set_client = @saved_cs_client */;

--
-- Dumping data for table `training_pics`
--

LOCK TABLES `training_pics` WRITE;
/*!40000 ALTER TABLE `training_pics` DISABLE KEYS */;
INSERT INTO `training_pics` VALUES (1,'testing',1),(3,'/home/user/Pictures/Screenshot from 2023-03-02 18-01-54.png',7),(4,'/home/user/Pictures/Screenshot from 2023-03-02 18-01-54.png',7),(5,'/home/user/Pictures/car2.jpg',9);
/*!40000 ALTER TABLE `training_pics` ENABLE KEYS */;
UNLOCK TABLES;

--
-- Table structure for table `trayInfo`
--

DROP TABLE IF EXISTS `trayInfo`;
/*!40101 SET @saved_cs_client     = @@character_set_client */;
/*!50503 SET character_set_client = utf8mb4 */;
CREATE TABLE `trayInfo` (
  `trayId` int NOT NULL,
  `height` double DEFAULT NULL,
  `reference_x` double DEFAULT NULL,
  `reference_y` double DEFAULT NULL,
  `reference_z` double DEFAULT NULL,
  PRIMARY KEY (`trayId`)
) ENGINE=InnoDB DEFAULT CHARSET=utf8mb4 COLLATE=utf8mb4_0900_ai_ci;
/*!40101 SET character_set_client = @saved_cs_client */;

--
-- Dumping data for table `trayInfo`
--

LOCK TABLES `trayInfo` WRITE;
/*!40000 ALTER TABLE `trayInfo` DISABLE KEYS */;
/*!40000 ALTER TABLE `trayInfo` ENABLE KEYS */;
UNLOCK TABLES;

--
-- Table structure for table `trayReferences`
--

DROP TABLE IF EXISTS `trayReferences`;
/*!40101 SET @saved_cs_client     = @@character_set_client */;
/*!50503 SET character_set_client = utf8mb4 */;
CREATE TABLE `trayReferences` (
  `positionId` int NOT NULL,
  `referenceX` float DEFAULT NULL,
  `referenceY` float DEFAULT NULL,
  `referenceZ` varchar(45) DEFAULT NULL,
  PRIMARY KEY (`positionId`)
) ENGINE=InnoDB DEFAULT CHARSET=utf8mb4 COLLATE=utf8mb4_0900_ai_ci;
/*!40101 SET character_set_client = @saved_cs_client */;

--
-- Dumping data for table `trayReferences`
--

LOCK TABLES `trayReferences` WRITE;
/*!40000 ALTER TABLE `trayReferences` DISABLE KEYS */;
INSERT INTO `trayReferences` VALUES (0,459.699,358,'699.8729248046875'),(1,NULL,NULL,NULL),(2,NULL,NULL,NULL),(3,NULL,NULL,NULL);
/*!40000 ALTER TABLE `trayReferences` ENABLE KEYS */;
UNLOCK TABLES;

--
-- Dumping events for database 'thesis'
--

--
-- Dumping routines for database 'thesis'
--
/*!50003 DROP FUNCTION IF EXISTS `extract_schema_from_file_name` */;
/*!50003 SET @saved_cs_client      = @@character_set_client */ ;
/*!50003 SET @saved_cs_results     = @@character_set_results */ ;
/*!50003 SET @saved_col_connection = @@collation_connection */ ;
/*!50003 SET character_set_client  = utf8mb4 */ ;
/*!50003 SET character_set_results = utf8mb4 */ ;
/*!50003 SET collation_connection  = utf8mb4_0900_ai_ci */ ;
/*!50003 SET @saved_sql_mode       = @@sql_mode */ ;
/*!50003 SET sql_mode              = 'ONLY_FULL_GROUP_BY,STRICT_TRANS_TABLES,NO_ZERO_IN_DATE,NO_ZERO_DATE,ERROR_FOR_DIVISION_BY_ZERO,NO_ENGINE_SUBSTITUTION' */ ;
DELIMITER ;;
CREATE DEFINER=`mysql.sys`@`localhost` FUNCTION `extract_schema_from_file_name`(
        path VARCHAR(512)
    ) RETURNS varchar(64) CHARSET utf8mb4
    NO SQL
    DETERMINISTIC
    SQL SECURITY INVOKER
    COMMENT '\nDescription\n-----------\n\nTakes a raw file path, and attempts to extract the schema name from it.\n\nUseful for when interacting with Performance Schema data \nconcerning IO statistics, for example.\n\nCurrently relies on the fact that a table data file will be within a \nspecified database directory (will not work with partitions or tables\nthat specify an individual DATA_DIRECTORY).\n\nParameters\n-----------\n\npath (VARCHAR(512)):\n  The full file path to a data file to extract the schema name from.\n\nReturns\n-----------\n\nVARCHAR(64)\n\nExample\n-----------\n\nmysql> SELECT sys.extract_schema_from_file_name(''/var/lib/mysql/employees/employee.ibd'');\n+----------------------------------------------------------------------------+\n| sys.extract_schema_from_file_name(''/var/lib/mysql/employees/employee.ibd'') |\n+----------------------------------------------------------------------------+\n| employees                                                                  |\n+----------------------------------------------------------------------------+\n1 row in set (0.00 sec)\n'
BEGIN
    RETURN LEFT(SUBSTRING_INDEX(SUBSTRING_INDEX(REPLACE(path, '\\', '/'), '/', -2), '/', 1), 64);
END ;;
DELIMITER ;
/*!50003 SET sql_mode              = @saved_sql_mode */ ;
/*!50003 SET character_set_client  = @saved_cs_client */ ;
/*!50003 SET character_set_results = @saved_cs_results */ ;
/*!50003 SET collation_connection  = @saved_col_connection */ ;
/*!50003 DROP FUNCTION IF EXISTS `extract_table_from_file_name` */;
/*!50003 SET @saved_cs_client      = @@character_set_client */ ;
/*!50003 SET @saved_cs_results     = @@character_set_results */ ;
/*!50003 SET @saved_col_connection = @@collation_connection */ ;
/*!50003 SET character_set_client  = utf8mb4 */ ;
/*!50003 SET character_set_results = utf8mb4 */ ;
/*!50003 SET collation_connection  = utf8mb4_0900_ai_ci */ ;
/*!50003 SET @saved_sql_mode       = @@sql_mode */ ;
/*!50003 SET sql_mode              = 'ONLY_FULL_GROUP_BY,STRICT_TRANS_TABLES,NO_ZERO_IN_DATE,NO_ZERO_DATE,ERROR_FOR_DIVISION_BY_ZERO,NO_ENGINE_SUBSTITUTION' */ ;
DELIMITER ;;
CREATE DEFINER=`mysql.sys`@`localhost` FUNCTION `extract_table_from_file_name`(
        path VARCHAR(512)
    ) RETURNS varchar(64) CHARSET utf8mb4
    NO SQL
    DETERMINISTIC
    SQL SECURITY INVOKER
    COMMENT '\nDescription\n-----------\n\nTakes a raw file path, and extracts the table name from it.\n\nUseful for when interacting with Performance Schema data \nconcerning IO statistics, for example.\n\nParameters\n-----------\n\npath (VARCHAR(512)):\n  The full file path to a data file to extract the table name from.\n\nReturns\n-----------\n\nVARCHAR(64)\n\nExample\n-----------\n\nmysql> SELECT sys.extract_table_from_file_name(''/var/lib/mysql/employees/employee.ibd'');\n+---------------------------------------------------------------------------+\n| sys.extract_table_from_file_name(''/var/lib/mysql/employees/employee.ibd'') |\n+---------------------------------------------------------------------------+\n| employee                                                                  |\n+---------------------------------------------------------------------------+\n1 row in set (0.02 sec)\n'
BEGIN
    RETURN LEFT(SUBSTRING_INDEX(REPLACE(SUBSTRING_INDEX(REPLACE(path, '\\', '/'), '/', -1), '@0024', '$'), '.', 1), 64);
END ;;
DELIMITER ;
/*!50003 SET sql_mode              = @saved_sql_mode */ ;
/*!50003 SET character_set_client  = @saved_cs_client */ ;
/*!50003 SET character_set_results = @saved_cs_results */ ;
/*!50003 SET collation_connection  = @saved_col_connection */ ;
/*!50003 DROP FUNCTION IF EXISTS `format_bytes` */;
/*!50003 SET @saved_cs_client      = @@character_set_client */ ;
/*!50003 SET @saved_cs_results     = @@character_set_results */ ;
/*!50003 SET @saved_col_connection = @@collation_connection */ ;
/*!50003 SET character_set_client  = utf8mb4 */ ;
/*!50003 SET character_set_results = utf8mb4 */ ;
/*!50003 SET collation_connection  = utf8mb4_0900_ai_ci */ ;
/*!50003 SET @saved_sql_mode       = @@sql_mode */ ;
/*!50003 SET sql_mode              = 'ONLY_FULL_GROUP_BY,STRICT_TRANS_TABLES,NO_ZERO_IN_DATE,NO_ZERO_DATE,ERROR_FOR_DIVISION_BY_ZERO,NO_ENGINE_SUBSTITUTION' */ ;
DELIMITER ;;
CREATE DEFINER=`mysql.sys`@`localhost` FUNCTION `format_bytes`(
        -- We feed in and return TEXT here, as aggregates of
        -- bytes can return numbers larger than BIGINT UNSIGNED
        bytes TEXT
    ) RETURNS text CHARSET utf8mb4
    NO SQL
    DETERMINISTIC
    SQL SECURITY INVOKER
    COMMENT '\nDescription\n-----------\n\nTakes a raw bytes value, and converts it to a human readable format.\n\nParameters\n-----------\n\nbytes (TEXT):\n  A raw bytes value.\n\nReturns\n-----------\n\nTEXT\n\nExample\n-----------\n\nmysql> SELECT sys.format_bytes(2348723492723746) AS size;\n+----------+\n| size     |\n+----------+\n| 2.09 PiB |\n+----------+\n1 row in set (0.00 sec)\n\nmysql> SELECT sys.format_bytes(2348723492723) AS size;\n+----------+\n| size     |\n+----------+\n| 2.14 TiB |\n+----------+\n1 row in set (0.00 sec)\n\nmysql> SELECT sys.format_bytes(23487234) AS size;\n+-----------+\n| size      |\n+-----------+\n| 22.40 MiB |\n+-----------+\n1 row in set (0.00 sec)\n'
BEGIN
  IF (bytes IS NULL) THEN
    RETURN NULL;
  ELSE
    RETURN format_bytes(bytes);
  END IF;
END ;;
DELIMITER ;
/*!50003 SET sql_mode              = @saved_sql_mode */ ;
/*!50003 SET character_set_client  = @saved_cs_client */ ;
/*!50003 SET character_set_results = @saved_cs_results */ ;
/*!50003 SET collation_connection  = @saved_col_connection */ ;
/*!50003 DROP FUNCTION IF EXISTS `format_path` */;
/*!50003 SET @saved_cs_client      = @@character_set_client */ ;
/*!50003 SET @saved_cs_results     = @@character_set_results */ ;
/*!50003 SET @saved_col_connection = @@collation_connection */ ;
/*!50003 SET character_set_client  = utf8mb4 */ ;
/*!50003 SET character_set_results = utf8mb4 */ ;
/*!50003 SET collation_connection  = utf8mb4_0900_ai_ci */ ;
/*!50003 SET @saved_sql_mode       = @@sql_mode */ ;
/*!50003 SET sql_mode              = 'ONLY_FULL_GROUP_BY,STRICT_TRANS_TABLES,NO_ZERO_IN_DATE,NO_ZERO_DATE,ERROR_FOR_DIVISION_BY_ZERO,NO_ENGINE_SUBSTITUTION' */ ;
DELIMITER ;;
CREATE DEFINER=`mysql.sys`@`localhost` FUNCTION `format_path`(
        in_path VARCHAR(512)
    ) RETURNS varchar(512) CHARSET utf8mb4
    NO SQL
    DETERMINISTIC
    SQL SECURITY INVOKER
    COMMENT '\nDescription\n-----------\n\nTakes a raw path value, and strips out the datadir or tmpdir\nreplacing with @@datadir and @@tmpdir respectively.\n\nAlso normalizes the paths across operating systems, so backslashes\non Windows are converted to forward slashes\n\nParameters\n-----------\n\npath (VARCHAR(512)):\n  The raw file path value to format.\n\nReturns\n-----------\n\nVARCHAR(512) CHARSET UTF8MB4\n\nExample\n-----------\n\nmysql> select @@datadir;\n+-----------------------------------------------+\n| @@datadir                                     |\n+-----------------------------------------------+\n| /Users/mark/sandboxes/SmallTree/AMaster/data/ |\n+-----------------------------------------------+\n1 row in set (0.06 sec)\n\nmysql> select format_path(''/Users/mark/sandboxes/SmallTree/AMaster/data/mysql/proc.MYD'') AS path;\n+--------------------------+\n| path                     |\n+--------------------------+\n| @@datadir/mysql/proc.MYD |\n+--------------------------+\n1 row in set (0.03 sec)\n'
BEGIN
  DECLARE v_path VARCHAR(512);
  DECLARE v_undo_dir VARCHAR(1024);
  DECLARE path_separator CHAR(1) DEFAULT '/';
  IF @@global.version_compile_os LIKE 'win%' THEN
    SET path_separator = '\\';
  END IF;
  -- OSX hides /private/ in variables, but Performance Schema does not
  IF in_path LIKE '/private/%' THEN
    SET v_path = REPLACE(in_path, '/private', '');
  ELSE
    SET v_path = in_path;
  END IF;
  -- @@global.innodb_undo_directory is only set when separate undo logs are used
  SET v_undo_dir = IFNULL((SELECT VARIABLE_VALUE FROM performance_schema.global_variables WHERE VARIABLE_NAME = 'innodb_undo_directory'), '');
  IF v_path IS NULL THEN
    RETURN NULL;
  ELSEIF v_path LIKE CONCAT(@@global.datadir, IF(SUBSTRING(@@global.datadir, -1) = path_separator, '%', CONCAT(path_separator, '%'))) ESCAPE '|' THEN
    SET v_path = REPLACE(v_path, @@global.datadir, CONCAT('@@datadir', IF(SUBSTRING(@@global.datadir, -1) = path_separator, path_separator, '')));
  ELSEIF v_path LIKE CONCAT(@@global.tmpdir, IF(SUBSTRING(@@global.tmpdir, -1) = path_separator, '%', CONCAT(path_separator, '%'))) ESCAPE '|' THEN
    SET v_path = REPLACE(v_path, @@global.tmpdir, CONCAT('@@tmpdir', IF(SUBSTRING(@@global.tmpdir, -1) = path_separator, path_separator, '')));
  ELSEIF v_path LIKE CONCAT(@@global.replica_load_tmpdir, IF(SUBSTRING(@@global.replica_load_tmpdir, -1) = path_separator, '%', CONCAT(path_separator, '%'))) ESCAPE '|' THEN
    SET v_path = REPLACE(v_path, @@global.replica_load_tmpdir, CONCAT('@@replica_load_tmpdir', IF(SUBSTRING(@@global.replica_load_tmpdir, -1) = path_separator, path_separator, '')));
  ELSEIF v_path LIKE CONCAT(@@global.innodb_data_home_dir, IF(SUBSTRING(@@global.innodb_data_home_dir, -1) = path_separator, '%', CONCAT(path_separator, '%'))) ESCAPE '|' THEN
    SET v_path = REPLACE(v_path, @@global.innodb_data_home_dir, CONCAT('@@innodb_data_home_dir', IF(SUBSTRING(@@global.innodb_data_home_dir, -1) = path_separator, path_separator, '')));
  ELSEIF v_path LIKE CONCAT(@@global.innodb_log_group_home_dir, IF(SUBSTRING(@@global.innodb_log_group_home_dir, -1) = path_separator, '%', CONCAT(path_separator, '%'))) ESCAPE '|' THEN
    SET v_path = REPLACE(v_path, @@global.innodb_log_group_home_dir, CONCAT('@@innodb_log_group_home_dir', IF(SUBSTRING(@@global.innodb_log_group_home_dir, -1) = path_separator, path_separator, '')));
  ELSEIF v_path LIKE CONCAT(v_undo_dir, IF(SUBSTRING(v_undo_dir, -1) = path_separator, '%', CONCAT(path_separator, '%'))) ESCAPE '|' THEN
    SET v_path = REPLACE(v_path, v_undo_dir, CONCAT('@@innodb_undo_directory', IF(SUBSTRING(v_undo_dir, -1) = path_separator, path_separator, '')));
  ELSEIF v_path LIKE CONCAT(@@global.basedir, IF(SUBSTRING(@@global.basedir, -1) = path_separator, '%', CONCAT(path_separator, '%'))) ESCAPE '|' THEN
    SET v_path = REPLACE(v_path, @@global.basedir, CONCAT('@@basedir', IF(SUBSTRING(@@global.basedir, -1) = path_separator, path_separator, '')));
  END IF;
  RETURN v_path;
END ;;
DELIMITER ;
/*!50003 SET sql_mode              = @saved_sql_mode */ ;
/*!50003 SET character_set_client  = @saved_cs_client */ ;
/*!50003 SET character_set_results = @saved_cs_results */ ;
/*!50003 SET collation_connection  = @saved_col_connection */ ;
/*!50003 DROP FUNCTION IF EXISTS `format_statement` */;
/*!50003 SET @saved_cs_client      = @@character_set_client */ ;
/*!50003 SET @saved_cs_results     = @@character_set_results */ ;
/*!50003 SET @saved_col_connection = @@collation_connection */ ;
/*!50003 SET character_set_client  = utf8mb4 */ ;
/*!50003 SET character_set_results = utf8mb4 */ ;
/*!50003 SET collation_connection  = utf8mb4_0900_ai_ci */ ;
/*!50003 SET @saved_sql_mode       = @@sql_mode */ ;
/*!50003 SET sql_mode              = 'ONLY_FULL_GROUP_BY,STRICT_TRANS_TABLES,NO_ZERO_IN_DATE,NO_ZERO_DATE,ERROR_FOR_DIVISION_BY_ZERO,NO_ENGINE_SUBSTITUTION' */ ;
DELIMITER ;;
CREATE DEFINER=`mysql.sys`@`localhost` FUNCTION `format_statement`(
        statement LONGTEXT
    ) RETURNS longtext CHARSET utf8mb4
    NO SQL
    DETERMINISTIC
    SQL SECURITY INVOKER
    COMMENT '\nDescription\n-----------\n\nFormats a normalized statement, truncating it if it is > 64 characters long by default.\n\nTo configure the length to truncate the statement to by default, update the `statement_truncate_len`\nvariable with `sys_config` table to a different value. Alternatively, to change it just for just \nyour particular session, use `SET @sys.statement_truncate_len := <some new value>`.\n\nUseful for printing statement related data from Performance Schema from \nthe command line.\n\nParameters\n-----------\n\nstatement (LONGTEXT): \n  The statement to format.\n\nReturns\n-----------\n\nLONGTEXT\n\nExample\n-----------\n\nmysql> SELECT sys.format_statement(digest_text)\n    ->   FROM performance_schema.events_statements_summary_by_digest\n    ->  ORDER by sum_timer_wait DESC limit 5;\n+-------------------------------------------------------------------+\n| sys.format_statement(digest_text)                                 |\n+-------------------------------------------------------------------+\n| CREATE SQL SECURITY INVOKER VI ... KE ? AND `variable_value` > ?  |\n| CREATE SQL SECURITY INVOKER VI ... ait` IS NOT NULL , `esc` . ... |\n| CREATE SQL SECURITY INVOKER VI ... ait` IS NOT NULL , `sys` . ... |\n| CREATE SQL SECURITY INVOKER VI ...  , `compressed_size` ) ) DESC  |\n| CREATE SQL SECURITY INVOKER VI ... LIKE ? ORDER BY `timer_start`  |\n+-------------------------------------------------------------------+\n5 rows in set (0.00 sec)\n'
BEGIN
  -- Check if we have the configured length, if not, init it
  IF @sys.statement_truncate_len IS NULL THEN
      SET @sys.statement_truncate_len = sys_get_config('statement_truncate_len', 64);
  END IF;
  IF CHAR_LENGTH(statement) > @sys.statement_truncate_len THEN
      RETURN REPLACE(CONCAT(LEFT(statement, (@sys.statement_truncate_len/2)-2), ' ... ', RIGHT(statement, (@sys.statement_truncate_len/2)-2)), '\n', ' ');
  ELSE 
      RETURN REPLACE(statement, '\n', ' ');
  END IF;
END ;;
DELIMITER ;
/*!50003 SET sql_mode              = @saved_sql_mode */ ;
/*!50003 SET character_set_client  = @saved_cs_client */ ;
/*!50003 SET character_set_results = @saved_cs_results */ ;
/*!50003 SET collation_connection  = @saved_col_connection */ ;
/*!50003 DROP FUNCTION IF EXISTS `format_time` */;
/*!50003 SET @saved_cs_client      = @@character_set_client */ ;
/*!50003 SET @saved_cs_results     = @@character_set_results */ ;
/*!50003 SET @saved_col_connection = @@collation_connection */ ;
/*!50003 SET character_set_client  = utf8mb4 */ ;
/*!50003 SET character_set_results = utf8mb4 */ ;
/*!50003 SET collation_connection  = utf8mb4_0900_ai_ci */ ;
/*!50003 SET @saved_sql_mode       = @@sql_mode */ ;
/*!50003 SET sql_mode              = 'ONLY_FULL_GROUP_BY,STRICT_TRANS_TABLES,NO_ZERO_IN_DATE,NO_ZERO_DATE,ERROR_FOR_DIVISION_BY_ZERO,NO_ENGINE_SUBSTITUTION' */ ;
DELIMITER ;;
CREATE DEFINER=`mysql.sys`@`localhost` FUNCTION `format_time`(
-- We feed in and return TEXT here, as aggregates of
-- picoseconds can return numbers larger than BIGINT UNSIGNED
        picoseconds TEXT
    ) RETURNS text CHARSET utf8mb4
    NO SQL
    DETERMINISTIC
    SQL SECURITY INVOKER
    COMMENT '\nDescription\n-----------\n\nTakes a raw picoseconds value, and converts it to a human readable form.\n\nPicoseconds are the precision that all latency values are printed in\nwithin Performance Schema, however are not user friendly when wanting\nto scan output from the command line.\n\nParameters\n-----------\n\npicoseconds (TEXT):\n  The raw picoseconds value to convert.\n\nReturns\n-----------\n\nTEXT CHARSET UTF8MB4\n\nExample\n-----------\n\nmysql> select format_time(342342342342345);\n+------------------------------+\n| format_time(342342342342345) |\n+------------------------------+\n| 00:05:42                     |\n+------------------------------+\n1 row in set (0.00 sec)\n\nmysql> select format_time(342342342);\n+------------------------+\n| format_time(342342342) |\n+------------------------+\n| 342.34 us              |\n+------------------------+\n1 row in set (0.00 sec)\n\nmysql> select format_time(34234);\n+--------------------+\n| format_time(34234) |\n+--------------------+\n| 34.23 ns           |\n+--------------------+\n1 row in set (0.00 sec)\n'
BEGIN
  IF picoseconds IS NULL THEN RETURN NULL;
  ELSEIF picoseconds >= 604800000000000000 THEN RETURN CONCAT(ROUND(picoseconds / 604800000000000000, 2), ' w');
  ELSEIF picoseconds >= 86400000000000000 THEN RETURN CONCAT(ROUND(picoseconds / 86400000000000000, 2), ' d');
  ELSEIF picoseconds >= 3600000000000000 THEN RETURN CONCAT(ROUND(picoseconds / 3600000000000000, 2), ' h');
  ELSEIF picoseconds >= 60000000000000 THEN RETURN CONCAT(ROUND(picoseconds / 60000000000000, 2), ' m');
  ELSEIF picoseconds >= 1000000000000 THEN RETURN CONCAT(ROUND(picoseconds / 1000000000000, 2), ' s');
  ELSEIF picoseconds >= 1000000000 THEN RETURN CONCAT(ROUND(picoseconds / 1000000000, 2), ' ms');
  ELSEIF picoseconds >= 1000000 THEN RETURN CONCAT(ROUND(picoseconds / 1000000, 2), ' us');
  ELSEIF picoseconds >= 1000 THEN RETURN CONCAT(ROUND(picoseconds / 1000, 2), ' ns');
  ELSE RETURN CONCAT(picoseconds, ' ps');
  END IF;
END ;;
DELIMITER ;
/*!50003 SET sql_mode              = @saved_sql_mode */ ;
/*!50003 SET character_set_client  = @saved_cs_client */ ;
/*!50003 SET character_set_results = @saved_cs_results */ ;
/*!50003 SET collation_connection  = @saved_col_connection */ ;
/*!50003 DROP FUNCTION IF EXISTS `list_add` */;
/*!50003 SET @saved_cs_client      = @@character_set_client */ ;
/*!50003 SET @saved_cs_results     = @@character_set_results */ ;
/*!50003 SET @saved_col_connection = @@collation_connection */ ;
/*!50003 SET character_set_client  = utf8mb4 */ ;
/*!50003 SET character_set_results = utf8mb4 */ ;
/*!50003 SET collation_connection  = utf8mb4_0900_ai_ci */ ;
/*!50003 SET @saved_sql_mode       = @@sql_mode */ ;
/*!50003 SET sql_mode              = 'ONLY_FULL_GROUP_BY,STRICT_TRANS_TABLES,NO_ZERO_IN_DATE,NO_ZERO_DATE,ERROR_FOR_DIVISION_BY_ZERO,NO_ENGINE_SUBSTITUTION' */ ;
DELIMITER ;;
CREATE DEFINER=`mysql.sys`@`localhost` FUNCTION `list_add`(
        in_list TEXT,
        in_add_value TEXT
    ) RETURNS text CHARSET utf8mb4
    DETERMINISTIC
    SQL SECURITY INVOKER
    COMMENT '\nDescription\n-----------\n\nTakes a list, and a value to add to the list, and returns the resulting list.\n\nUseful for altering certain session variables, like sql_mode or optimizer_switch for instance.\n\nParameters\n-----------\n\nin_list (TEXT):\n  The comma separated list to add a value to\n\nin_add_value (TEXT):\n  The value to add to the input list\n\nReturns\n-----------\n\nTEXT\n\nExample\n--------\n\nmysql> select @@sql_mode;\n+-----------------------------------------------------------------------------------+\n| @@sql_mode                                                                        |\n+-----------------------------------------------------------------------------------+\n| ONLY_FULL_GROUP_BY,STRICT_TRANS_TABLES,NO_AUTO_CREATE_USER,NO_ENGINE_SUBSTITUTION |\n+-----------------------------------------------------------------------------------+\n1 row in set (0.00 sec)\n\nmysql> set sql_mode = sys.list_add(@@sql_mode, ''ANSI_QUOTES'');\nQuery OK, 0 rows affected (0.06 sec)\n\nmysql> select @@sql_mode;\n+-----------------------------------------------------------------------------------------------+\n| @@sql_mode                                                                                    |\n+-----------------------------------------------------------------------------------------------+\n| ANSI_QUOTES,ONLY_FULL_GROUP_BY,STRICT_TRANS_TABLES,NO_AUTO_CREATE_USER,NO_ENGINE_SUBSTITUTION |\n+-----------------------------------------------------------------------------------------------+\n1 row in set (0.00 sec)\n\n'
BEGIN
    IF (in_add_value IS NULL) THEN
        SIGNAL SQLSTATE '02200'
           SET MESSAGE_TEXT = 'Function sys.list_add: in_add_value input variable should not be NULL',
               MYSQL_ERRNO = 1138;
    END IF;
    IF (in_list IS NULL OR LENGTH(in_list) = 0) THEN
        -- return the new value as a single value list
        RETURN in_add_value;
    END IF;
    RETURN (SELECT CONCAT(TRIM(BOTH ',' FROM TRIM(in_list)), ',', in_add_value));
END ;;
DELIMITER ;
/*!50003 SET sql_mode              = @saved_sql_mode */ ;
/*!50003 SET character_set_client  = @saved_cs_client */ ;
/*!50003 SET character_set_results = @saved_cs_results */ ;
/*!50003 SET collation_connection  = @saved_col_connection */ ;
/*!50003 DROP FUNCTION IF EXISTS `list_drop` */;
/*!50003 SET @saved_cs_client      = @@character_set_client */ ;
/*!50003 SET @saved_cs_results     = @@character_set_results */ ;
/*!50003 SET @saved_col_connection = @@collation_connection */ ;
/*!50003 SET character_set_client  = utf8mb4 */ ;
/*!50003 SET character_set_results = utf8mb4 */ ;
/*!50003 SET collation_connection  = utf8mb4_0900_ai_ci */ ;
/*!50003 SET @saved_sql_mode       = @@sql_mode */ ;
/*!50003 SET sql_mode              = 'ONLY_FULL_GROUP_BY,STRICT_TRANS_TABLES,NO_ZERO_IN_DATE,NO_ZERO_DATE,ERROR_FOR_DIVISION_BY_ZERO,NO_ENGINE_SUBSTITUTION' */ ;
DELIMITER ;;
CREATE DEFINER=`mysql.sys`@`localhost` FUNCTION `list_drop`(
        in_list TEXT,
        in_drop_value TEXT
    ) RETURNS text CHARSET utf8mb4
    DETERMINISTIC
    SQL SECURITY INVOKER
    COMMENT '\nDescription\n-----------\n\nTakes a list, and a value to attempt to remove from the list, and returns the resulting list.\n\nUseful for altering certain session variables, like sql_mode or optimizer_switch for instance.\n\nParameters\n-----------\n\nin_list (TEXT):\n  The comma separated list to drop a value from\n\nin_drop_value (TEXT):\n  The value to drop from the input list\n\nReturns\n-----------\n\nTEXT\n\nExample\n--------\n\nmysql> select @@sql_mode;\n+-----------------------------------------------------------------------------------------------+\n| @@sql_mode                                                                                    |\n+-----------------------------------------------------------------------------------------------+\n| ANSI_QUOTES,ONLY_FULL_GROUP_BY,STRICT_TRANS_TABLES,NO_AUTO_CREATE_USER,NO_ENGINE_SUBSTITUTION |\n+-----------------------------------------------------------------------------------------------+\n1 row in set (0.00 sec)\n\nmysql> set sql_mode = sys.list_drop(@@sql_mode, ''ONLY_FULL_GROUP_BY'');\nQuery OK, 0 rows affected (0.03 sec)\n\nmysql> select @@sql_mode;\n+----------------------------------------------------------------------------+\n| @@sql_mode                                                                 |\n+----------------------------------------------------------------------------+\n| ANSI_QUOTES,STRICT_TRANS_TABLES,NO_AUTO_CREATE_USER,NO_ENGINE_SUBSTITUTION |\n+----------------------------------------------------------------------------+\n1 row in set (0.00 sec)\n\n'
BEGIN
    IF (in_drop_value IS NULL) THEN
        SIGNAL SQLSTATE '02200'
           SET MESSAGE_TEXT = 'Function sys.list_drop: in_drop_value input variable should not be NULL',
               MYSQL_ERRNO = 1138;
    END IF;
    IF (in_list IS NULL OR LENGTH(in_list) = 0) THEN
        -- return the list as it was passed in
        RETURN in_list;
    END IF;
    -- ensure that leading / trailing commas are remove, support values with either spaces or not between commas
    RETURN (SELECT TRIM(BOTH ',' FROM REPLACE(REPLACE(CONCAT(',', in_list), CONCAT(',', in_drop_value), ''), CONCAT(', ', in_drop_value), '')));
END ;;
DELIMITER ;
/*!50003 SET sql_mode              = @saved_sql_mode */ ;
/*!50003 SET character_set_client  = @saved_cs_client */ ;
/*!50003 SET character_set_results = @saved_cs_results */ ;
/*!50003 SET collation_connection  = @saved_col_connection */ ;
/*!50003 DROP FUNCTION IF EXISTS `ps_is_account_enabled` */;
/*!50003 SET @saved_cs_client      = @@character_set_client */ ;
/*!50003 SET @saved_cs_results     = @@character_set_results */ ;
/*!50003 SET @saved_col_connection = @@collation_connection */ ;
/*!50003 SET character_set_client  = utf8mb4 */ ;
/*!50003 SET character_set_results = utf8mb4 */ ;
/*!50003 SET collation_connection  = utf8mb4_0900_ai_ci */ ;
/*!50003 SET @saved_sql_mode       = @@sql_mode */ ;
/*!50003 SET sql_mode              = 'ONLY_FULL_GROUP_BY,STRICT_TRANS_TABLES,NO_ZERO_IN_DATE,NO_ZERO_DATE,ERROR_FOR_DIVISION_BY_ZERO,NO_ENGINE_SUBSTITUTION' */ ;
DELIMITER ;;
CREATE DEFINER=`mysql.sys`@`localhost` FUNCTION `ps_is_account_enabled`(
        in_host VARCHAR(255), 
        in_user VARCHAR(32)
    ) RETURNS enum('YES','NO') CHARSET utf8mb4
    READS SQL DATA
    DETERMINISTIC
    SQL SECURITY INVOKER
    COMMENT '\nDescription\n-----------\n\nDetermines whether instrumentation of an account is enabled \nwithin Performance Schema.\n\nParameters\n-----------\n\nin_host VARCHAR(255): \n  The hostname of the account to check.\nin_user VARCHAR(32):\n  The username of the account to check.\n\nReturns\n-----------\n\nENUM(''YES'', ''NO'', ''PARTIAL'')\n\nExample\n-----------\n\nmysql> SELECT sys.ps_is_account_enabled(''localhost'', ''root'');\n+------------------------------------------------+\n| sys.ps_is_account_enabled(''localhost'', ''root'') |\n+------------------------------------------------+\n| YES                                            |\n+------------------------------------------------+\n1 row in set (0.01 sec)\n'
BEGIN
    RETURN IF(EXISTS(SELECT 1
                       FROM performance_schema.setup_actors
                      WHERE (`HOST` = '%' OR in_host LIKE `HOST`)
                        AND (`USER` = '%' OR `USER` = in_user)
                        AND (`ENABLED` = 'YES')
                    ),
              'YES', 'NO'
           );
END ;;
DELIMITER ;
/*!50003 SET sql_mode              = @saved_sql_mode */ ;
/*!50003 SET character_set_client  = @saved_cs_client */ ;
/*!50003 SET character_set_results = @saved_cs_results */ ;
/*!50003 SET collation_connection  = @saved_col_connection */ ;
/*!50003 DROP FUNCTION IF EXISTS `ps_is_consumer_enabled` */;
/*!50003 SET @saved_cs_client      = @@character_set_client */ ;
/*!50003 SET @saved_cs_results     = @@character_set_results */ ;
/*!50003 SET @saved_col_connection = @@collation_connection */ ;
/*!50003 SET character_set_client  = utf8mb4 */ ;
/*!50003 SET character_set_results = utf8mb4 */ ;
/*!50003 SET collation_connection  = utf8mb4_0900_ai_ci */ ;
/*!50003 SET @saved_sql_mode       = @@sql_mode */ ;
/*!50003 SET sql_mode              = 'ONLY_FULL_GROUP_BY,STRICT_TRANS_TABLES,NO_ZERO_IN_DATE,NO_ZERO_DATE,ERROR_FOR_DIVISION_BY_ZERO,NO_ENGINE_SUBSTITUTION' */ ;
DELIMITER ;;
CREATE DEFINER=`mysql.sys`@`localhost` FUNCTION `ps_is_consumer_enabled`(
        in_consumer varchar(64)
   ) RETURNS enum('YES','NO') CHARSET utf8mb4
    READS SQL DATA
    DETERMINISTIC
    SQL SECURITY INVOKER
    COMMENT '\nDescription\n-----------\n\nDetermines whether a consumer is enabled (taking the consumer hierarchy into consideration)\nwithin the Performance Schema.\n\nAn exception with errno 3047 is thrown if an unknown consumer name is passed to the function.\nA consumer name of NULL returns NULL.\n\nParameters\n-----------\n\nin_consumer VARCHAR(64): \n  The name of the consumer to check.\n\nReturns\n-----------\n\nENUM(''YES'', ''NO'')\n\nExample\n-----------\n\nmysql> SELECT sys.ps_is_consumer_enabled(''events_stages_history'');\n+-----------------------------------------------------+\n| sys.ps_is_consumer_enabled(''events_stages_history'') |\n+-----------------------------------------------------+\n| NO                                                  |\n+-----------------------------------------------------+\n1 row in set (0.00 sec)\n'
BEGIN
    DECLARE v_is_enabled ENUM('YES', 'NO') DEFAULT NULL;
    DECLARE v_error_msg VARCHAR(128);
    -- Return NULL for a NULL argument.
    IF (in_consumer IS NULL) THEN
        RETURN NULL;
    END IF;
    SET v_is_enabled = (
        SELECT (CASE
                   WHEN c.NAME = 'global_instrumentation' THEN c.ENABLED
                   WHEN c.NAME = 'thread_instrumentation' THEN IF(cg.ENABLED = 'YES' AND c.ENABLED = 'YES', 'YES', 'NO')
                   WHEN c.NAME LIKE '%\_digest'           THEN IF(cg.ENABLED = 'YES' AND c.ENABLED = 'YES', 'YES', 'NO')
                   WHEN c.NAME LIKE '%\_current'          THEN IF(cg.ENABLED = 'YES' AND ct.ENABLED = 'YES' AND c.ENABLED = 'YES', 'YES', 'NO')
                   ELSE IF(cg.ENABLED = 'YES' AND ct.ENABLED = 'YES' AND c.ENABLED = 'YES'
                           AND ( SELECT cc.ENABLED FROM performance_schema.setup_consumers cc WHERE NAME = CONCAT(SUBSTRING_INDEX(c.NAME, '_', 2), '_current')
                               ) = 'YES', 'YES', 'NO')
                END) AS IsEnabled
          FROM performance_schema.setup_consumers c
               INNER JOIN performance_schema.setup_consumers cg
               INNER JOIN performance_schema.setup_consumers ct
         WHERE cg.NAME       = 'global_instrumentation'
               AND ct.NAME   = 'thread_instrumentation'
               AND c.NAME    = in_consumer
        );
    IF (v_is_enabled IS NOT NULL) THEN
        RETURN v_is_enabled;
    ELSE
        -- A value of NULL here means it is an unknown consumer name that was passed as an argument.
        -- Only an input value of NULL is allowed to return a NULL result value, to throw a signal instead.
        SET v_error_msg = CONCAT('Invalid argument error: ', in_consumer, ' in function sys.ps_is_consumer_enabled.');
        SIGNAL SQLSTATE 'HY000'
           SET MESSAGE_TEXT = v_error_msg,
               MYSQL_ERRNO  = 3047;
    END IF;
END ;;
DELIMITER ;
/*!50003 SET sql_mode              = @saved_sql_mode */ ;
/*!50003 SET character_set_client  = @saved_cs_client */ ;
/*!50003 SET character_set_results = @saved_cs_results */ ;
/*!50003 SET collation_connection  = @saved_col_connection */ ;
/*!50003 DROP FUNCTION IF EXISTS `ps_is_instrument_default_enabled` */;
/*!50003 SET @saved_cs_client      = @@character_set_client */ ;
/*!50003 SET @saved_cs_results     = @@character_set_results */ ;
/*!50003 SET @saved_col_connection = @@collation_connection */ ;
/*!50003 SET character_set_client  = utf8mb4 */ ;
/*!50003 SET character_set_results = utf8mb4 */ ;
/*!50003 SET collation_connection  = utf8mb4_0900_ai_ci */ ;
/*!50003 SET @saved_sql_mode       = @@sql_mode */ ;
/*!50003 SET sql_mode              = 'ONLY_FULL_GROUP_BY,STRICT_TRANS_TABLES,NO_ZERO_IN_DATE,NO_ZERO_DATE,ERROR_FOR_DIVISION_BY_ZERO,NO_ENGINE_SUBSTITUTION' */ ;
DELIMITER ;;
CREATE DEFINER=`mysql.sys`@`localhost` FUNCTION `ps_is_instrument_default_enabled`(
        in_instrument VARCHAR(128)
    ) RETURNS enum('YES','NO') CHARSET utf8mb4
    READS SQL DATA
    DETERMINISTIC
    SQL SECURITY INVOKER
    COMMENT '\nDescription\n-----------\n\nReturns whether an instrument is enabled by default in this version of MySQL.\n\nParameters\n-----------\n\nin_instrument VARCHAR(128): \n  The instrument to check.\n\nReturns\n-----------\n\nENUM(''YES'', ''NO'')\n\nExample\n-----------\n\nmysql> SELECT sys.ps_is_instrument_default_enabled(''statement/sql/select'');\n+--------------------------------------------------------------+\n| sys.ps_is_instrument_default_enabled(''statement/sql/select'') |\n+--------------------------------------------------------------+\n| YES                                                          |\n+--------------------------------------------------------------+\n1 row in set (0.00 sec)\n'
BEGIN
    DECLARE v_enabled ENUM('YES', 'NO');
    IF (in_instrument LIKE 'stage/%') THEN
    BEGIN
      /* Stages are enabled by default if the progress property is set. */
      SET v_enabled = (SELECT
                        IF(find_in_set("progress", PROPERTIES) != 0, 'YES', 'NO')
                        FROM performance_schema.setup_instruments
                        WHERE NAME = in_instrument);
      SET v_enabled = IFNULL(v_enabled, 'NO');
    END;
    ELSE
      SET v_enabled = IF(in_instrument LIKE 'wait/synch/%'
                         OR in_instrument LIKE 'wait/io/socket/%'
                        ,
                         'NO',
                         'YES'
                      );
    END IF;
    RETURN v_enabled;
END ;;
DELIMITER ;
/*!50003 SET sql_mode              = @saved_sql_mode */ ;
/*!50003 SET character_set_client  = @saved_cs_client */ ;
/*!50003 SET character_set_results = @saved_cs_results */ ;
/*!50003 SET collation_connection  = @saved_col_connection */ ;
/*!50003 DROP FUNCTION IF EXISTS `ps_is_instrument_default_timed` */;
/*!50003 SET @saved_cs_client      = @@character_set_client */ ;
/*!50003 SET @saved_cs_results     = @@character_set_results */ ;
/*!50003 SET @saved_col_connection = @@collation_connection */ ;
/*!50003 SET character_set_client  = utf8mb4 */ ;
/*!50003 SET character_set_results = utf8mb4 */ ;
/*!50003 SET collation_connection  = utf8mb4_0900_ai_ci */ ;
/*!50003 SET @saved_sql_mode       = @@sql_mode */ ;
/*!50003 SET sql_mode              = 'ONLY_FULL_GROUP_BY,STRICT_TRANS_TABLES,NO_ZERO_IN_DATE,NO_ZERO_DATE,ERROR_FOR_DIVISION_BY_ZERO,NO_ENGINE_SUBSTITUTION' */ ;
DELIMITER ;;
CREATE DEFINER=`mysql.sys`@`localhost` FUNCTION `ps_is_instrument_default_timed`(
        in_instrument VARCHAR(128)
    ) RETURNS enum('YES','NO') CHARSET utf8mb4
    READS SQL DATA
    DETERMINISTIC
    SQL SECURITY INVOKER
    COMMENT '\nDescription\n-----------\n\nReturns whether an instrument is timed by default in this version of MySQL.\n\nParameters\n-----------\n\nin_instrument VARCHAR(128): \n  The instrument to check.\n\nReturns\n-----------\n\nENUM(''YES'', ''NO'')\n\nExample\n-----------\n\nmysql> SELECT sys.ps_is_instrument_default_timed(''statement/sql/select'');\n+------------------------------------------------------------+\n| sys.ps_is_instrument_default_timed(''statement/sql/select'') |\n+------------------------------------------------------------+\n| YES                                                        |\n+------------------------------------------------------------+\n1 row in set (0.00 sec)\n'
BEGIN
    DECLARE v_timed ENUM('YES', 'NO');
    IF (in_instrument LIKE 'stage/%') THEN
    BEGIN
      -- Stages are timed by default if the progress property is set.
      SET v_timed = (SELECT
                      IF(find_in_set("progress", PROPERTIES) != 0, 'YES', 'NO')
                      FROM performance_schema.setup_instruments
                      WHERE NAME = in_instrument);
      SET v_timed = IFNULL(v_timed, 'NO');
    END;
    ELSE
      -- Mutex, rwlock, prlock, sxlock, cond are not timed by default
      -- Memory instruments are never timed.
      SET v_timed = IF(in_instrument LIKE 'wait/synch/%'
                       OR in_instrument LIKE 'memory/%'
                      ,
                       'NO',
                       'YES'
                    );
    END IF;
    RETURN v_timed;
END ;;
DELIMITER ;
/*!50003 SET sql_mode              = @saved_sql_mode */ ;
/*!50003 SET character_set_client  = @saved_cs_client */ ;
/*!50003 SET character_set_results = @saved_cs_results */ ;
/*!50003 SET collation_connection  = @saved_col_connection */ ;
/*!50003 DROP FUNCTION IF EXISTS `ps_is_thread_instrumented` */;
/*!50003 SET @saved_cs_client      = @@character_set_client */ ;
/*!50003 SET @saved_cs_results     = @@character_set_results */ ;
/*!50003 SET @saved_col_connection = @@collation_connection */ ;
/*!50003 SET character_set_client  = utf8mb4 */ ;
/*!50003 SET character_set_results = utf8mb4 */ ;
/*!50003 SET collation_connection  = utf8mb4_0900_ai_ci */ ;
/*!50003 SET @saved_sql_mode       = @@sql_mode */ ;
/*!50003 SET sql_mode              = 'ONLY_FULL_GROUP_BY,STRICT_TRANS_TABLES,NO_ZERO_IN_DATE,NO_ZERO_DATE,ERROR_FOR_DIVISION_BY_ZERO,NO_ENGINE_SUBSTITUTION' */ ;
DELIMITER ;;
CREATE DEFINER=`mysql.sys`@`localhost` FUNCTION `ps_is_thread_instrumented`(
        in_connection_id BIGINT UNSIGNED
    ) RETURNS enum('YES','NO','UNKNOWN') CHARSET utf8mb4
    READS SQL DATA
    SQL SECURITY INVOKER
    COMMENT '\nDescription\n-----------\n\nChecks whether the provided connection id is instrumented within Performance Schema.\n\nParameters\n-----------\n\nin_connection_id (BIGINT UNSIGNED):\n  The id of the connection to check.\n\nReturns\n-----------\n\nENUM(''YES'', ''NO'', ''UNKNOWN'')\n\nExample\n-----------\n\nmysql> SELECT sys.ps_is_thread_instrumented(CONNECTION_ID());\n+------------------------------------------------+\n| sys.ps_is_thread_instrumented(CONNECTION_ID()) |\n+------------------------------------------------+\n| YES                                            |\n+------------------------------------------------+\n'
BEGIN
    DECLARE v_enabled ENUM('YES', 'NO', 'UNKNOWN');
    IF (in_connection_id IS NULL) THEN
        RETURN NULL;
    END IF;
    SELECT INSTRUMENTED INTO v_enabled
      FROM performance_schema.threads 
     WHERE PROCESSLIST_ID = in_connection_id;
    IF (v_enabled IS NULL) THEN
        RETURN 'UNKNOWN';
    ELSE
        RETURN v_enabled;
    END IF;
END ;;
DELIMITER ;
/*!50003 SET sql_mode              = @saved_sql_mode */ ;
/*!50003 SET character_set_client  = @saved_cs_client */ ;
/*!50003 SET character_set_results = @saved_cs_results */ ;
/*!50003 SET collation_connection  = @saved_col_connection */ ;
/*!50003 DROP FUNCTION IF EXISTS `ps_thread_account` */;
/*!50003 SET @saved_cs_client      = @@character_set_client */ ;
/*!50003 SET @saved_cs_results     = @@character_set_results */ ;
/*!50003 SET @saved_col_connection = @@collation_connection */ ;
/*!50003 SET character_set_client  = utf8mb4 */ ;
/*!50003 SET character_set_results = utf8mb4 */ ;
/*!50003 SET collation_connection  = utf8mb4_0900_ai_ci */ ;
/*!50003 SET @saved_sql_mode       = @@sql_mode */ ;
/*!50003 SET sql_mode              = 'ONLY_FULL_GROUP_BY,STRICT_TRANS_TABLES,NO_ZERO_IN_DATE,NO_ZERO_DATE,ERROR_FOR_DIVISION_BY_ZERO,NO_ENGINE_SUBSTITUTION' */ ;
DELIMITER ;;
CREATE DEFINER=`mysql.sys`@`localhost` FUNCTION `ps_thread_account`(
        in_thread_id BIGINT UNSIGNED
    ) RETURNS text CHARSET utf8mb4
    READS SQL DATA
    SQL SECURITY INVOKER
    COMMENT '\nDescription\n-----------\n\nReturn the user@host account for the given Performance Schema thread id.\n\nParameters\n-----------\n\nin_thread_id (BIGINT UNSIGNED):\n  The id of the thread to return the account for.\n\nExample\n-----------\n\nmysql> select thread_id, processlist_user, processlist_host from performance_schema.threads where type = ''foreground'';\n+-----------+------------------+------------------+\n| thread_id | processlist_user | processlist_host |\n+-----------+------------------+------------------+\n|        23 | NULL             | NULL             |\n|        30 | root             | localhost        |\n|        31 | msandbox         | localhost        |\n|        32 | msandbox         | localhost        |\n+-----------+------------------+------------------+\n4 rows in set (0.00 sec)\n\nmysql> select sys.ps_thread_account(31);\n+---------------------------+\n| sys.ps_thread_account(31) |\n+---------------------------+\n| msandbox@localhost        |\n+---------------------------+\n1 row in set (0.00 sec)\n'
BEGIN
    RETURN (SELECT IF(
                      type = 'FOREGROUND',
                      CONCAT(processlist_user, '@', processlist_host),
                      type
                     ) AS account
              FROM `performance_schema`.`threads`
             WHERE thread_id = in_thread_id);
END ;;
DELIMITER ;
/*!50003 SET sql_mode              = @saved_sql_mode */ ;
/*!50003 SET character_set_client  = @saved_cs_client */ ;
/*!50003 SET character_set_results = @saved_cs_results */ ;
/*!50003 SET collation_connection  = @saved_col_connection */ ;
/*!50003 DROP FUNCTION IF EXISTS `ps_thread_id` */;
/*!50003 SET @saved_cs_client      = @@character_set_client */ ;
/*!50003 SET @saved_cs_results     = @@character_set_results */ ;
/*!50003 SET @saved_col_connection = @@collation_connection */ ;
/*!50003 SET character_set_client  = utf8mb4 */ ;
/*!50003 SET character_set_results = utf8mb4 */ ;
/*!50003 SET collation_connection  = utf8mb4_0900_ai_ci */ ;
/*!50003 SET @saved_sql_mode       = @@sql_mode */ ;
/*!50003 SET sql_mode              = 'ONLY_FULL_GROUP_BY,STRICT_TRANS_TABLES,NO_ZERO_IN_DATE,NO_ZERO_DATE,ERROR_FOR_DIVISION_BY_ZERO,NO_ENGINE_SUBSTITUTION' */ ;
DELIMITER ;;
CREATE DEFINER=`mysql.sys`@`localhost` FUNCTION `ps_thread_id`(
        in_connection_id BIGINT UNSIGNED
    ) RETURNS bigint unsigned
    READS SQL DATA
    SQL SECURITY INVOKER
    COMMENT '\nDescription\n-----------\n\nReturn the Performance Schema THREAD_ID for the specified connection ID.\n\nParameters\n-----------\n\nin_connection_id (BIGINT UNSIGNED):\n  The id of the connection to return the thread id for. If NULL, the current\n  connection thread id is returned.\n\nExample\n-----------\n\nmysql> SELECT sys.ps_thread_id(79);\n+----------------------+\n| sys.ps_thread_id(79) |\n+----------------------+\n|                   98 |\n+----------------------+\n1 row in set (0.00 sec)\n\nmysql> SELECT sys.ps_thread_id(CONNECTION_ID());\n+-----------------------------------+\n| sys.ps_thread_id(CONNECTION_ID()) |\n+-----------------------------------+\n|                                98 |\n+-----------------------------------+\n1 row in set (0.00 sec)\n'
BEGIN
  IF (in_connection_id IS NULL) THEN
    RETURN ps_current_thread_id();
  ELSE
    RETURN ps_thread_id(in_connection_id);
  END IF;
END ;;
DELIMITER ;
/*!50003 SET sql_mode              = @saved_sql_mode */ ;
/*!50003 SET character_set_client  = @saved_cs_client */ ;
/*!50003 SET character_set_results = @saved_cs_results */ ;
/*!50003 SET collation_connection  = @saved_col_connection */ ;
/*!50003 DROP FUNCTION IF EXISTS `ps_thread_stack` */;
/*!50003 SET @saved_cs_client      = @@character_set_client */ ;
/*!50003 SET @saved_cs_results     = @@character_set_results */ ;
/*!50003 SET @saved_col_connection = @@collation_connection */ ;
/*!50003 SET character_set_client  = utf8mb4 */ ;
/*!50003 SET character_set_results = utf8mb4 */ ;
/*!50003 SET collation_connection  = utf8mb4_0900_ai_ci */ ;
/*!50003 SET @saved_sql_mode       = @@sql_mode */ ;
/*!50003 SET sql_mode              = 'ONLY_FULL_GROUP_BY,STRICT_TRANS_TABLES,NO_ZERO_IN_DATE,NO_ZERO_DATE,ERROR_FOR_DIVISION_BY_ZERO,NO_ENGINE_SUBSTITUTION' */ ;
DELIMITER ;;
CREATE DEFINER=`mysql.sys`@`localhost` FUNCTION `ps_thread_stack`(
        thd_id BIGINT UNSIGNED,
        debug BOOLEAN
    ) RETURNS longtext CHARSET latin1
    READS SQL DATA
    SQL SECURITY INVOKER
    COMMENT '\nDescription\n-----------\n\nOutputs a JSON formatted stack of all statements, stages and events\nwithin Performance Schema for the specified thread.\n\nParameters\n-----------\n\nthd_id (BIGINT UNSIGNED):\n  The id of the thread to trace. This should match the thread_id\n  column from the performance_schema.threads table.\nin_verbose (BOOLEAN):\n  Include file:lineno information in the events.\n\nExample\n-----------\n\n(line separation added for output)\n\nmysql> SELECT sys.ps_thread_stack(37, FALSE) AS thread_stack\\G\n*************************** 1. row ***************************\nthread_stack: {"rankdir": "LR","nodesep": "0.10","stack_created": "2014-02-19 13:39:03",\n"mysql_version": "5.7.3-m13","mysql_user": "root@localhost","events": \n[{"nesting_event_id": "0", "event_id": "10", "timer_wait": 256.35, "event_info": \n"sql/select", "wait_info": "select @@version_comment limit 1\\nerrors: 0\\nwarnings: 0\\nlock time:\n...\n'
BEGIN
    DECLARE json_objects LONGTEXT;
    -- Do not track the current thread, it will kill the stack
    UPDATE performance_schema.threads
       SET instrumented = 'NO'
     WHERE processlist_id = CONNECTION_ID();
    SET SESSION group_concat_max_len=@@global.max_allowed_packet;
    -- Select the entire stack of events
    SELECT GROUP_CONCAT(CONCAT( '{'
              , CONCAT_WS( ', '
              , CONCAT('"nesting_event_id": "', IF(nesting_event_id IS NULL, '0', nesting_event_id), '"')
              , CONCAT('"event_id": "', event_id, '"')
              -- Convert from picoseconds to microseconds
              , CONCAT( '"timer_wait": ', ROUND(timer_wait/1000000, 2))  
              , CONCAT( '"event_info": "'
                  , CASE
                        WHEN event_name NOT LIKE 'wait/io%' THEN REPLACE(SUBSTRING_INDEX(event_name, '/', -2), '\\', '\\\\')
                        WHEN event_name NOT LIKE 'wait/io/file%' OR event_name NOT LIKE 'wait/io/socket%' THEN REPLACE(SUBSTRING_INDEX(event_name, '/', -4), '\\', '\\\\')
                        ELSE event_name
                    END
                  , '"'
              )
              -- Always dump the extra wait information gathered for statements
              , CONCAT( '"wait_info": "', IFNULL(wait_info, ''), '"')
              -- If debug is enabled, add the file:lineno information for waits
              , CONCAT( '"source": "', IF(true AND event_name LIKE 'wait%', IFNULL(wait_info, ''), ''), '"')
              -- Depending on the type of event, name it appropriately
              , CASE 
                     WHEN event_name LIKE 'wait/io/file%'      THEN '"event_type": "io/file"'
                     WHEN event_name LIKE 'wait/io/table%'     THEN '"event_type": "io/table"'
                     WHEN event_name LIKE 'wait/io/socket%'    THEN '"event_type": "io/socket"'
                     WHEN event_name LIKE 'wait/synch/mutex%'  THEN '"event_type": "synch/mutex"'
                     WHEN event_name LIKE 'wait/synch/cond%'   THEN '"event_type": "synch/cond"'
                     WHEN event_name LIKE 'wait/synch/rwlock%' THEN '"event_type": "synch/rwlock"'
                     WHEN event_name LIKE 'wait/lock%'         THEN '"event_type": "lock"'
                     WHEN event_name LIKE 'statement/%'        THEN '"event_type": "stmt"'
                     WHEN event_name LIKE 'stage/%'            THEN '"event_type": "stage"'
                     WHEN event_name LIKE '%idle%'             THEN '"event_type": "idle"'
                     ELSE '' 
                END                   
            )
            , '}'
          )
          ORDER BY event_id ASC SEPARATOR ',') event
    INTO json_objects
    FROM (
          -- Select all statements, with the extra tracing information available
          (SELECT thread_id, event_id, event_name, timer_wait, timer_start, nesting_event_id, 
                  CONCAT(sql_text, '\\n',
                         'errors: ', errors, '\\n',
                         'warnings: ', warnings, '\\n',
                         'lock time: ', ROUND(lock_time/1000000, 2),'us\\n',
                         'rows affected: ', rows_affected, '\\n',
                         'rows sent: ', rows_sent, '\\n',
                         'rows examined: ', rows_examined, '\\n',
                         'tmp tables: ', created_tmp_tables, '\\n',
                         'tmp disk tables: ', created_tmp_disk_tables, '\\n',
                         'select scan: ', select_scan, '\\n',
                         'select full join: ', select_full_join, '\\n',
                         'select full range join: ', select_full_range_join, '\\n',
                         'select range: ', select_range, '\\n',
                         'select range check: ', select_range_check, '\\n', 
                         'sort merge passes: ', sort_merge_passes, '\\n',
                         'sort rows: ', sort_rows, '\\n',
                         'sort range: ', sort_range, '\\n',
                         'sort scan: ', sort_scan, '\\n',
                         'no index used: ', IF(no_index_used, 'TRUE', 'FALSE'), '\\n',
                         'no good index used: ', IF(no_good_index_used, 'TRUE', 'FALSE'), '\\n'
                         ) AS wait_info
             FROM performance_schema.events_statements_history_long WHERE thread_id = thd_id)
          UNION 
          -- Select all stages
          (SELECT thread_id, event_id, event_name, timer_wait, timer_start, nesting_event_id, null AS wait_info
             FROM performance_schema.events_stages_history_long WHERE thread_id = thd_id) 
          UNION
          -- Select all events, adding information appropriate to the event
          (SELECT thread_id, event_id, 
                  CONCAT(event_name , 
                         IF(event_name NOT LIKE 'wait/synch/mutex%', IFNULL(CONCAT(' - ', operation), ''), ''), 
                         IF(number_of_bytes IS NOT NULL, CONCAT(' ', number_of_bytes, ' bytes'), ''),
                         IF(event_name LIKE 'wait/io/file%', '\\n', ''),
                         IF(object_schema IS NOT NULL, CONCAT('\\nObject: ', object_schema, '.'), ''), 
                         IF(object_name IS NOT NULL, 
                            IF (event_name LIKE 'wait/io/socket%',
                                -- Print the socket if used, else the IP:port as reported
                                CONCAT(IF (object_name LIKE ':0%', @@socket, object_name)),
                                object_name),
                            ''),
                         IF(index_name IS NOT NULL, CONCAT(' Index: ', index_name), ''),'\\n'
                         ) AS event_name,
                  timer_wait, timer_start, nesting_event_id, source AS wait_info
             FROM performance_schema.events_waits_history_long WHERE thread_id = thd_id)) events 
    ORDER BY event_id;
    RETURN CONCAT('{', 
                  CONCAT_WS(',', 
                            '"rankdir": "LR"',
                            '"nodesep": "0.10"',
                            CONCAT('"stack_created": "', NOW(), '"'),
                            CONCAT('"mysql_version": "', VERSION(), '"'),
                            CONCAT('"mysql_user": "', CURRENT_USER(), '"'),
                            CONCAT('"events": [', IFNULL(json_objects,''), ']')
                           ),
                  '}');
END ;;
DELIMITER ;
/*!50003 SET sql_mode              = @saved_sql_mode */ ;
/*!50003 SET character_set_client  = @saved_cs_client */ ;
/*!50003 SET character_set_results = @saved_cs_results */ ;
/*!50003 SET collation_connection  = @saved_col_connection */ ;
/*!50003 DROP FUNCTION IF EXISTS `ps_thread_trx_info` */;
/*!50003 SET @saved_cs_client      = @@character_set_client */ ;
/*!50003 SET @saved_cs_results     = @@character_set_results */ ;
/*!50003 SET @saved_col_connection = @@collation_connection */ ;
/*!50003 SET character_set_client  = utf8mb4 */ ;
/*!50003 SET character_set_results = utf8mb4 */ ;
/*!50003 SET collation_connection  = utf8mb4_0900_ai_ci */ ;
/*!50003 SET @saved_sql_mode       = @@sql_mode */ ;
/*!50003 SET sql_mode              = 'ONLY_FULL_GROUP_BY,STRICT_TRANS_TABLES,NO_ZERO_IN_DATE,NO_ZERO_DATE,ERROR_FOR_DIVISION_BY_ZERO,NO_ENGINE_SUBSTITUTION' */ ;
DELIMITER ;;
CREATE DEFINER=`mysql.sys`@`localhost` FUNCTION `ps_thread_trx_info`(
        in_thread_id BIGINT UNSIGNED
    ) RETURNS longtext CHARSET utf8mb4
    READS SQL DATA
    SQL SECURITY INVOKER
    COMMENT '\nDescription\n-----------\n\nReturns a JSON object with info on the given threads current transaction, \nand the statements it has already executed, derived from the\nperformance_schema.events_transactions_current and\nperformance_schema.events_statements_history tables (so the consumers \nfor these also have to be enabled within Performance Schema to get full\ndata in the object).\n\nWhen the output exceeds the default truncation length (65535), a JSON error\nobject is returned, such as:\n\n{ "error": "Trx info truncated: Row 6 was cut by GROUP_CONCAT()" }\n\nSimilar error objects are returned for other warnings/and exceptions raised\nwhen calling the function.\n\nThe max length of the output of this function can be controlled with the\nps_thread_trx_info.max_length variable set via sys_config, or the\n@sys.ps_thread_trx_info.max_length user variable, as appropriate.\n\nParameters\n-----------\n\nin_thread_id (BIGINT UNSIGNED):\n  The id of the thread to return the transaction info for.\n\nExample\n-----------\n\nSELECT sys.ps_thread_trx_info(48)\\G\n*************************** 1. row ***************************\nsys.ps_thread_trx_info(48): [\n  {\n    "time": "790.70 us",\n    "state": "COMMITTED",\n    "mode": "READ WRITE",\n    "autocommitted": "NO",\n    "gtid": "AUTOMATIC",\n    "isolation": "REPEATABLE READ",\n    "statements_executed": [\n      {\n        "sql_text": "INSERT INTO info VALUES (1, ''foo'')",\n        "time": "471.02 us",\n        "schema": "trx",\n        "rows_examined": 0,\n        "rows_affected": 1,\n        "rows_sent": 0,\n        "tmp_tables": 0,\n        "tmp_disk_tables": 0,\n        "sort_rows": 0,\n        "sort_merge_passes": 0\n      },\n      {\n        "sql_text": "COMMIT",\n        "time": "254.42 us",\n        "schema": "trx",\n        "rows_examined": 0,\n        "rows_affected": 0,\n        "rows_sent": 0,\n        "tmp_tables": 0,\n        "tmp_disk_tables": 0,\n        "sort_rows": 0,\n        "sort_merge_passes": 0\n      }\n    ]\n  },\n  {\n    "time": "426.20 us",\n    "state": "COMMITTED",\n    "mode": "READ WRITE",\n    "autocommitted": "NO",\n    "gtid": "AUTOMATIC",\n    "isolation": "REPEATABLE READ",\n    "statements_executed": [\n      {\n        "sql_text": "INSERT INTO info VALUES (2, ''bar'')",\n        "time": "107.33 us",\n        "schema": "trx",\n        "rows_examined": 0,\n        "rows_affected": 1,\n        "rows_sent": 0,\n        "tmp_tables": 0,\n        "tmp_disk_tables": 0,\n        "sort_rows": 0,\n        "sort_merge_passes": 0\n      },\n      {\n        "sql_text": "COMMIT",\n        "time": "213.23 us",\n        "schema": "trx",\n        "rows_examined": 0,\n        "rows_affected": 0,\n        "rows_sent": 0,\n        "tmp_tables": 0,\n        "tmp_disk_tables": 0,\n        "sort_rows": 0,\n        "sort_merge_passes": 0\n      }\n    ]\n  }\n]\n1 row in set (0.03 sec)\n'
BEGIN
    DECLARE v_output LONGTEXT DEFAULT '{}';
    DECLARE v_msg_text TEXT DEFAULT '';
    DECLARE v_signal_msg TEXT DEFAULT '';
    DECLARE v_mysql_errno INT;
    DECLARE v_max_output_len BIGINT;
    -- Capture warnings/errors such as group_concat truncation
    -- and report as JSON error objects
    DECLARE EXIT HANDLER FOR SQLWARNING, SQLEXCEPTION
    BEGIN
        GET DIAGNOSTICS CONDITION 1
            v_msg_text = MESSAGE_TEXT,
            v_mysql_errno = MYSQL_ERRNO;
        IF v_mysql_errno = 1260 THEN
            SET v_signal_msg = CONCAT('{ "error": "Trx info truncated: ', v_msg_text, '" }');
        ELSE
            SET v_signal_msg = CONCAT('{ "error": "', v_msg_text, '" }');
        END IF;
        RETURN v_signal_msg;
    END;
    -- Set configuration options
    IF (@sys.ps_thread_trx_info.max_length IS NULL) THEN
        SET @sys.ps_thread_trx_info.max_length = sys.sys_get_config('ps_thread_trx_info.max_length', 65535);
    END IF;
    IF (@sys.ps_thread_trx_info.max_length != @@session.group_concat_max_len) THEN
        SET @old_group_concat_max_len = @@session.group_concat_max_len;
        -- Convert to int value for the SET, and give some surrounding space
        SET v_max_output_len = (@sys.ps_thread_trx_info.max_length - 5);
        SET SESSION group_concat_max_len = v_max_output_len;
    END IF;
    SET v_output = (
        SELECT CONCAT('[', IFNULL(GROUP_CONCAT(trx_info ORDER BY event_id), ''), '\n]') AS trx_info
          FROM (SELECT trxi.thread_id, 
                       trxi.event_id,
                       GROUP_CONCAT(
                         IFNULL(
                           CONCAT('\n  {\n',
                                  '    "time": "', IFNULL(format_pico_time(trxi.timer_wait), ''), '",\n',
                                  '    "state": "', IFNULL(trxi.state, ''), '",\n',
                                  '    "mode": "', IFNULL(trxi.access_mode, ''), '",\n',
                                  '    "autocommitted": "', IFNULL(trxi.autocommit, ''), '",\n',
                                  '    "gtid": "', IFNULL(trxi.gtid, ''), '",\n',
                                  '    "isolation": "', IFNULL(trxi.isolation_level, ''), '",\n',
                                  '    "statements_executed": [', IFNULL(s.stmts, ''), IF(s.stmts IS NULL, ' ]\n', '\n    ]\n'),
                                  '  }'
                           ), 
                           '') 
                         ORDER BY event_id) AS trx_info
                  FROM (
                        (SELECT thread_id, event_id, timer_wait, state,access_mode, autocommit, gtid, isolation_level
                           FROM performance_schema.events_transactions_current
                          WHERE thread_id = in_thread_id
                            AND end_event_id IS NULL)
                        UNION
                        (SELECT thread_id, event_id, timer_wait, state,access_mode, autocommit, gtid, isolation_level
                           FROM performance_schema.events_transactions_history
                          WHERE thread_id = in_thread_id)
                       ) AS trxi
                  LEFT JOIN (SELECT thread_id,
                                    nesting_event_id,
                                    GROUP_CONCAT(
                                      IFNULL(
                                        CONCAT('\n      {\n',
                                               '        "sql_text": "', IFNULL(sys.format_statement(REPLACE(sql_text, '\\', '\\\\')), ''), '",\n',
                                               '        "time": "', IFNULL(format_pico_time(timer_wait), ''), '",\n',
                                               '        "schema": "', IFNULL(current_schema, ''), '",\n',
                                               '        "rows_examined": ', IFNULL(rows_examined, ''), ',\n',
                                               '        "rows_affected": ', IFNULL(rows_affected, ''), ',\n',
                                               '        "rows_sent": ', IFNULL(rows_sent, ''), ',\n',
                                               '        "tmp_tables": ', IFNULL(created_tmp_tables, ''), ',\n',
                                               '        "tmp_disk_tables": ', IFNULL(created_tmp_disk_tables, ''), ',\n',
                                               '        "sort_rows": ', IFNULL(sort_rows, ''), ',\n',
                                               '        "sort_merge_passes": ', IFNULL(sort_merge_passes, ''), '\n',
                                               '      }'), '') ORDER BY event_id) AS stmts
                               FROM performance_schema.events_statements_history
                              WHERE sql_text IS NOT NULL
                                AND thread_id = in_thread_id
                              GROUP BY thread_id, nesting_event_id
                            ) AS s 
                    ON trxi.thread_id = s.thread_id 
                   AND trxi.event_id = s.nesting_event_id
                 WHERE trxi.thread_id = in_thread_id
                 GROUP BY trxi.thread_id, trxi.event_id
                ) trxs
          GROUP BY thread_id
    );
    IF (@old_group_concat_max_len IS NOT NULL) THEN
        SET SESSION group_concat_max_len = @old_group_concat_max_len;
    END IF;
    RETURN v_output;
END ;;
DELIMITER ;
/*!50003 SET sql_mode              = @saved_sql_mode */ ;
/*!50003 SET character_set_client  = @saved_cs_client */ ;
/*!50003 SET character_set_results = @saved_cs_results */ ;
/*!50003 SET collation_connection  = @saved_col_connection */ ;
/*!50003 DROP FUNCTION IF EXISTS `quote_identifier` */;
/*!50003 SET @saved_cs_client      = @@character_set_client */ ;
/*!50003 SET @saved_cs_results     = @@character_set_results */ ;
/*!50003 SET @saved_col_connection = @@collation_connection */ ;
/*!50003 SET character_set_client  = utf8mb4 */ ;
/*!50003 SET character_set_results = utf8mb4 */ ;
/*!50003 SET collation_connection  = utf8mb4_0900_ai_ci */ ;
/*!50003 SET @saved_sql_mode       = @@sql_mode */ ;
/*!50003 SET sql_mode              = 'ONLY_FULL_GROUP_BY,STRICT_TRANS_TABLES,NO_ZERO_IN_DATE,NO_ZERO_DATE,ERROR_FOR_DIVISION_BY_ZERO,NO_ENGINE_SUBSTITUTION' */ ;
DELIMITER ;;
CREATE DEFINER=`mysql.sys`@`localhost` FUNCTION `quote_identifier`(in_identifier TEXT) RETURNS text CHARSET utf8mb4
    NO SQL
    DETERMINISTIC
    SQL SECURITY INVOKER
    COMMENT '\nDescription\n-----------\n\nTakes an unquoted identifier (schema name, table name, etc.) and\nreturns the identifier quoted with backticks.\n\nParameters\n-----------\n\nin_identifier (TEXT):\n  The identifier to quote.\n\nReturns\n-----------\n\nTEXT CHARSET UTF8MB4\n\nExample\n-----------\n\nmysql> SELECT sys.quote_identifier(''my_identifier'') AS Identifier;\n+-----------------+\n| Identifier      |\n+-----------------+\n| `my_identifier` |\n+-----------------+\n1 row in set (0.00 sec)\n\nmysql> SELECT sys.quote_identifier(''my`idenfier'') AS Identifier;\n+----------------+\n| Identifier     |\n+----------------+\n| `my``idenfier` |\n+----------------+\n1 row in set (0.00 sec)\n'
BEGIN
    RETURN CONCAT('`', REPLACE(in_identifier, '`', '``'), '`');
END ;;
DELIMITER ;
/*!50003 SET sql_mode              = @saved_sql_mode */ ;
/*!50003 SET character_set_client  = @saved_cs_client */ ;
/*!50003 SET character_set_results = @saved_cs_results */ ;
/*!50003 SET collation_connection  = @saved_col_connection */ ;
/*!50003 DROP FUNCTION IF EXISTS `sys_get_config` */;
/*!50003 SET @saved_cs_client      = @@character_set_client */ ;
/*!50003 SET @saved_cs_results     = @@character_set_results */ ;
/*!50003 SET @saved_col_connection = @@collation_connection */ ;
/*!50003 SET character_set_client  = utf8mb4 */ ;
/*!50003 SET character_set_results = utf8mb4 */ ;
/*!50003 SET collation_connection  = utf8mb4_0900_ai_ci */ ;
/*!50003 SET @saved_sql_mode       = @@sql_mode */ ;
/*!50003 SET sql_mode              = 'ONLY_FULL_GROUP_BY,STRICT_TRANS_TABLES,NO_ZERO_IN_DATE,NO_ZERO_DATE,ERROR_FOR_DIVISION_BY_ZERO,NO_ENGINE_SUBSTITUTION' */ ;
DELIMITER ;;
CREATE DEFINER=`mysql.sys`@`localhost` FUNCTION `sys_get_config`(
        in_variable_name VARCHAR(128),
        in_default_value VARCHAR(128)
    ) RETURNS varchar(128) CHARSET utf8mb4
    READS SQL DATA
    DETERMINISTIC
    SQL SECURITY INVOKER
    COMMENT '\nDescription\n-----------\n\nReturns the value for the requested variable using the following logic:\n\n   1. If the option exists in sys.sys_config return the value from there.\n   2. Else fall back on the provided default value.\n\nNotes for using sys_get_config():\n\n   * If the default value argument to sys_get_config() is NULL and case 2. is reached, NULL is returned.\n     It is then expected that the caller is able to handle NULL for the given configuration option.\n   * The convention is to name the user variables @sys.<name of variable>. It is <name of variable> that\n     is stored in the sys_config table and is what is expected as the argument to sys_get_config().\n   * If you want to check whether the configuration option has already been set and if not assign with\n     the return value of sys_get_config() you can use IFNULL(...) (see example below). However this should\n     not be done inside a loop (e.g. for each row in a result set) as for repeated calls where assignment\n     is only needed in the first iteration using IFNULL(...) is expected to be significantly slower than\n     using an IF (...) THEN ... END IF; block (see example below).\n\nParameters\n-----------\n\nin_variable_name (VARCHAR(128)):\n  The name of the config option to return the value for.\n\nin_default_value (VARCHAR(128)):\n  The default value to return if the variable does not exist in sys.sys_config.\n\nReturns\n-----------\n\nVARCHAR(128)\n\nExample\n-----------\n\n-- Get the configuration value from sys.sys_config falling back on 128 if the option is not present in the table.\nmysql> SELECT sys.sys_get_config(''statement_truncate_len'', 128) AS Value;\n+-------+\n| Value |\n+-------+\n| 64    |\n+-------+\n1 row in set (0.00 sec)\n\n-- Check whether the option is already set, if not assign - IFNULL(...) one liner example.\nmysql> SET @sys.statement_truncate_len = IFNULL(@sys.statement_truncate_len, sys.sys_get_config(''statement_truncate_len'', 64));\nQuery OK, 0 rows affected (0.00 sec)\n\n-- Check whether the option is already set, if not assign - IF ... THEN ... END IF example.\nIF (@sys.statement_truncate_len IS NULL) THEN\n    SET @sys.statement_truncate_len = sys.sys_get_config(''statement_truncate_len'', 64);\nEND IF;\n'
BEGIN
    DECLARE v_value VARCHAR(128) DEFAULT NULL;
    -- Check if we have the variable in the sys.sys_config table
    SET v_value = (SELECT value FROM sys.sys_config WHERE variable = in_variable_name);
    -- Protection against the variable not existing in sys_config
    IF (v_value IS NULL) THEN
        SET v_value = in_default_value;
    END IF;
    RETURN v_value;
END ;;
DELIMITER ;
/*!50003 SET sql_mode              = @saved_sql_mode */ ;
/*!50003 SET character_set_client  = @saved_cs_client */ ;
/*!50003 SET character_set_results = @saved_cs_results */ ;
/*!50003 SET collation_connection  = @saved_col_connection */ ;
/*!50003 DROP FUNCTION IF EXISTS `version_major` */;
/*!50003 SET @saved_cs_client      = @@character_set_client */ ;
/*!50003 SET @saved_cs_results     = @@character_set_results */ ;
/*!50003 SET @saved_col_connection = @@collation_connection */ ;
/*!50003 SET character_set_client  = utf8mb4 */ ;
/*!50003 SET character_set_results = utf8mb4 */ ;
/*!50003 SET collation_connection  = utf8mb4_0900_ai_ci */ ;
/*!50003 SET @saved_sql_mode       = @@sql_mode */ ;
/*!50003 SET sql_mode              = 'ONLY_FULL_GROUP_BY,STRICT_TRANS_TABLES,NO_ZERO_IN_DATE,NO_ZERO_DATE,ERROR_FOR_DIVISION_BY_ZERO,NO_ENGINE_SUBSTITUTION' */ ;
DELIMITER ;;
CREATE DEFINER=`mysql.sys`@`localhost` FUNCTION `version_major`() RETURNS tinyint unsigned
    NO SQL
    SQL SECURITY INVOKER
    COMMENT '\nDescription\n-----------\n\nReturns the major version of MySQL Server.\n\nReturns\n-----------\n\nTINYINT UNSIGNED\n\nExample\n-----------\n\nmysql> SELECT VERSION(), sys.version_major();\n+--------------------------------------+---------------------+\n| VERSION()                            | sys.version_major() |\n+--------------------------------------+---------------------+\n| 5.7.9-enterprise-commercial-advanced | 5                   |\n+--------------------------------------+---------------------+\n1 row in set (0.00 sec)\n'
BEGIN
    RETURN SUBSTRING_INDEX(SUBSTRING_INDEX(VERSION(), '-', 1), '.', 1);
END ;;
DELIMITER ;
/*!50003 SET sql_mode              = @saved_sql_mode */ ;
/*!50003 SET character_set_client  = @saved_cs_client */ ;
/*!50003 SET character_set_results = @saved_cs_results */ ;
/*!50003 SET collation_connection  = @saved_col_connection */ ;
/*!50003 DROP FUNCTION IF EXISTS `version_minor` */;
/*!50003 SET @saved_cs_client      = @@character_set_client */ ;
/*!50003 SET @saved_cs_results     = @@character_set_results */ ;
/*!50003 SET @saved_col_connection = @@collation_connection */ ;
/*!50003 SET character_set_client  = utf8mb4 */ ;
/*!50003 SET character_set_results = utf8mb4 */ ;
/*!50003 SET collation_connection  = utf8mb4_0900_ai_ci */ ;
/*!50003 SET @saved_sql_mode       = @@sql_mode */ ;
/*!50003 SET sql_mode              = 'ONLY_FULL_GROUP_BY,STRICT_TRANS_TABLES,NO_ZERO_IN_DATE,NO_ZERO_DATE,ERROR_FOR_DIVISION_BY_ZERO,NO_ENGINE_SUBSTITUTION' */ ;
DELIMITER ;;
CREATE DEFINER=`mysql.sys`@`localhost` FUNCTION `version_minor`() RETURNS tinyint unsigned
    NO SQL
    SQL SECURITY INVOKER
    COMMENT '\nDescription\n-----------\n\nReturns the minor (release series) version of MySQL Server.\n\nReturns\n-----------\n\nTINYINT UNSIGNED\n\nExample\n-----------\n\nmysql> SELECT VERSION(), sys.server_minor();\n+--------------------------------------+---------------------+\n| VERSION()                            | sys.version_minor() |\n+--------------------------------------+---------------------+\n| 5.7.9-enterprise-commercial-advanced | 7                   |\n+--------------------------------------+---------------------+\n1 row in set (0.00 sec)\n'
BEGIN
    RETURN SUBSTRING_INDEX(SUBSTRING_INDEX(SUBSTRING_INDEX(VERSION(), '-', 1), '.', 2), '.', -1);
END ;;
DELIMITER ;
/*!50003 SET sql_mode              = @saved_sql_mode */ ;
/*!50003 SET character_set_client  = @saved_cs_client */ ;
/*!50003 SET character_set_results = @saved_cs_results */ ;
/*!50003 SET collation_connection  = @saved_col_connection */ ;
/*!50003 DROP FUNCTION IF EXISTS `version_patch` */;
/*!50003 SET @saved_cs_client      = @@character_set_client */ ;
/*!50003 SET @saved_cs_results     = @@character_set_results */ ;
/*!50003 SET @saved_col_connection = @@collation_connection */ ;
/*!50003 SET character_set_client  = utf8mb4 */ ;
/*!50003 SET character_set_results = utf8mb4 */ ;
/*!50003 SET collation_connection  = utf8mb4_0900_ai_ci */ ;
/*!50003 SET @saved_sql_mode       = @@sql_mode */ ;
/*!50003 SET sql_mode              = 'ONLY_FULL_GROUP_BY,STRICT_TRANS_TABLES,NO_ZERO_IN_DATE,NO_ZERO_DATE,ERROR_FOR_DIVISION_BY_ZERO,NO_ENGINE_SUBSTITUTION' */ ;
DELIMITER ;;
CREATE DEFINER=`mysql.sys`@`localhost` FUNCTION `version_patch`() RETURNS tinyint unsigned
    NO SQL
    SQL SECURITY INVOKER
    COMMENT '\nDescription\n-----------\n\nReturns the patch release version of MySQL Server.\n\nReturns\n-----------\n\nTINYINT UNSIGNED\n\nExample\n-----------\n\nmysql> SELECT VERSION(), sys.version_patch();\n+--------------------------------------+---------------------+\n| VERSION()                            | sys.version_patch() |\n+--------------------------------------+---------------------+\n| 5.7.9-enterprise-commercial-advanced | 9                   |\n+--------------------------------------+---------------------+\n1 row in set (0.00 sec)\n'
BEGIN
    RETURN SUBSTRING_INDEX(SUBSTRING_INDEX(VERSION(), '-', 1), '.', -1);
END ;;
DELIMITER ;
/*!50003 SET sql_mode              = @saved_sql_mode */ ;
/*!50003 SET character_set_client  = @saved_cs_client */ ;
/*!50003 SET character_set_results = @saved_cs_results */ ;
/*!50003 SET collation_connection  = @saved_col_connection */ ;
/*!50003 DROP PROCEDURE IF EXISTS `addNewKnownBox` */;
/*!50003 SET @saved_cs_client      = @@character_set_client */ ;
/*!50003 SET @saved_cs_results     = @@character_set_results */ ;
/*!50003 SET @saved_col_connection = @@collation_connection */ ;
/*!50003 SET character_set_client  = utf8mb4 */ ;
/*!50003 SET character_set_results = utf8mb4 */ ;
/*!50003 SET collation_connection  = utf8mb4_0900_ai_ci */ ;
/*!50003 SET @saved_sql_mode       = @@sql_mode */ ;
/*!50003 SET sql_mode              = 'ONLY_FULL_GROUP_BY,STRICT_TRANS_TABLES,NO_ZERO_IN_DATE,NO_ZERO_DATE,ERROR_FOR_DIVISION_BY_ZERO,NO_ENGINE_SUBSTITUTION' */ ;
DELIMITER ;;
CREATE DEFINER=`root`@`localhost` PROCEDURE `addNewKnownBox`(IN product_name varchar(255), IN width double, IN height double,IN length_box double)
BEGIN
	INSERT INTO knownBoxes (width, height,length,productName, newBox,trained) VALUES (width, height, length_box, product_name,1,0);
END ;;
DELIMITER ;
/*!50003 SET sql_mode              = @saved_sql_mode */ ;
/*!50003 SET character_set_client  = @saved_cs_client */ ;
/*!50003 SET character_set_results = @saved_cs_results */ ;
/*!50003 SET collation_connection  = @saved_col_connection */ ;
/*!50003 DROP PROCEDURE IF EXISTS `addReference` */;
/*!50003 SET @saved_cs_client      = @@character_set_client */ ;
/*!50003 SET @saved_cs_results     = @@character_set_results */ ;
/*!50003 SET @saved_col_connection = @@collation_connection */ ;
/*!50003 SET character_set_client  = utf8mb4 */ ;
/*!50003 SET character_set_results = utf8mb4 */ ;
/*!50003 SET collation_connection  = utf8mb4_0900_ai_ci */ ;
/*!50003 SET @saved_sql_mode       = @@sql_mode */ ;
/*!50003 SET sql_mode              = 'ONLY_FULL_GROUP_BY,STRICT_TRANS_TABLES,NO_ZERO_IN_DATE,NO_ZERO_DATE,ERROR_FOR_DIVISION_BY_ZERO,NO_ENGINE_SUBSTITUTION' */ ;
DELIMITER ;;
CREATE DEFINER=`root`@`localhost` PROCEDURE `addReference`(IN posId INT, IN refX float, IN refY float, IN refZ float)
BEGIN
	UPDATE trayReferences
	SET referenceX = refX, referenceY = refY, referenceZ = refZ
WHERE positionId = posId;

END ;;
DELIMITER ;
/*!50003 SET sql_mode              = @saved_sql_mode */ ;
/*!50003 SET character_set_client  = @saved_cs_client */ ;
/*!50003 SET character_set_results = @saved_cs_results */ ;
/*!50003 SET collation_connection  = @saved_col_connection */ ;
/*!50003 DROP PROCEDURE IF EXISTS `addTrainingImage` */;
/*!50003 SET @saved_cs_client      = @@character_set_client */ ;
/*!50003 SET @saved_cs_results     = @@character_set_results */ ;
/*!50003 SET @saved_col_connection = @@collation_connection */ ;
/*!50003 SET character_set_client  = utf8mb4 */ ;
/*!50003 SET character_set_results = utf8mb4 */ ;
/*!50003 SET collation_connection  = utf8mb4_0900_ai_ci */ ;
/*!50003 SET @saved_sql_mode       = @@sql_mode */ ;
/*!50003 SET sql_mode              = 'ONLY_FULL_GROUP_BY,STRICT_TRANS_TABLES,NO_ZERO_IN_DATE,NO_ZERO_DATE,ERROR_FOR_DIVISION_BY_ZERO,NO_ENGINE_SUBSTITUTION' */ ;
DELIMITER ;;
CREATE DEFINER=`root`@`localhost` PROCEDURE `addTrainingImage`(IN boxid INT, IN pic varchar(255))
BEGIN
	INSERT INTO training_pics (picturePath, boxid) VALUES (pic,boxid);
END ;;
DELIMITER ;
/*!50003 SET sql_mode              = @saved_sql_mode */ ;
/*!50003 SET character_set_client  = @saved_cs_client */ ;
/*!50003 SET character_set_results = @saved_cs_results */ ;
/*!50003 SET collation_connection  = @saved_col_connection */ ;
/*!50003 DROP PROCEDURE IF EXISTS `add_to_queue` */;
/*!50003 SET @saved_cs_client      = @@character_set_client */ ;
/*!50003 SET @saved_cs_results     = @@character_set_results */ ;
/*!50003 SET @saved_col_connection = @@collation_connection */ ;
/*!50003 SET character_set_client  = utf8mb4 */ ;
/*!50003 SET character_set_results = utf8mb4 */ ;
/*!50003 SET collation_connection  = utf8mb4_0900_ai_ci */ ;
/*!50003 SET @saved_sql_mode       = @@sql_mode */ ;
/*!50003 SET sql_mode              = 'ONLY_FULL_GROUP_BY,STRICT_TRANS_TABLES,NO_ZERO_IN_DATE,NO_ZERO_DATE,ERROR_FOR_DIVISION_BY_ZERO,NO_ENGINE_SUBSTITUTION' */ ;
DELIMITER ;;
CREATE DEFINER=`root`@`localhost` PROCEDURE `add_to_queue`(IN boxid INT, IN task INT, IN tray INT)
BEGIN
	INSERT INTO Queue (boxId,task,trayId) VALUES (boxid, task, tray);
END ;;
DELIMITER ;
/*!50003 SET sql_mode              = @saved_sql_mode */ ;
/*!50003 SET character_set_client  = @saved_cs_client */ ;
/*!50003 SET character_set_results = @saved_cs_results */ ;
/*!50003 SET collation_connection  = @saved_col_connection */ ;
/*!50003 DROP PROCEDURE IF EXISTS `allKnownBoxes` */;
/*!50003 SET @saved_cs_client      = @@character_set_client */ ;
/*!50003 SET @saved_cs_results     = @@character_set_results */ ;
/*!50003 SET @saved_col_connection = @@collation_connection */ ;
/*!50003 SET character_set_client  = utf8mb4 */ ;
/*!50003 SET character_set_results = utf8mb4 */ ;
/*!50003 SET collation_connection  = utf8mb4_0900_ai_ci */ ;
/*!50003 SET @saved_sql_mode       = @@sql_mode */ ;
/*!50003 SET sql_mode              = 'ONLY_FULL_GROUP_BY,STRICT_TRANS_TABLES,NO_ZERO_IN_DATE,NO_ZERO_DATE,ERROR_FOR_DIVISION_BY_ZERO,NO_ENGINE_SUBSTITUTION' */ ;
DELIMITER ;;
CREATE DEFINER=`root`@`localhost` PROCEDURE `allKnownBoxes`()
BEGIN
SELECT id, productName, newBox,trained FROM knownBoxes;
	
END ;;
DELIMITER ;
/*!50003 SET sql_mode              = @saved_sql_mode */ ;
/*!50003 SET character_set_client  = @saved_cs_client */ ;
/*!50003 SET character_set_results = @saved_cs_results */ ;
/*!50003 SET collation_connection  = @saved_col_connection */ ;
/*!50003 DROP PROCEDURE IF EXISTS `allStoredBoxes` */;
/*!50003 SET @saved_cs_client      = @@character_set_client */ ;
/*!50003 SET @saved_cs_results     = @@character_set_results */ ;
/*!50003 SET @saved_col_connection = @@collation_connection */ ;
/*!50003 SET character_set_client  = utf8mb4 */ ;
/*!50003 SET character_set_results = utf8mb4 */ ;
/*!50003 SET collation_connection  = utf8mb4_0900_ai_ci */ ;
/*!50003 SET @saved_sql_mode       = @@sql_mode */ ;
/*!50003 SET sql_mode              = 'ONLY_FULL_GROUP_BY,STRICT_TRANS_TABLES,NO_ZERO_IN_DATE,NO_ZERO_DATE,ERROR_FOR_DIVISION_BY_ZERO,NO_ENGINE_SUBSTITUTION' */ ;
DELIMITER ;;
CREATE DEFINER=`root`@`localhost` PROCEDURE `allStoredBoxes`()
BEGIN
SELECT sb.id, sb.boxId, kt.productName
    FROM storedBoxes sb
    INNER JOIN knownBoxes kt ON sb.boxid = kt.id;
END ;;
DELIMITER ;
/*!50003 SET sql_mode              = @saved_sql_mode */ ;
/*!50003 SET character_set_client  = @saved_cs_client */ ;
/*!50003 SET character_set_results = @saved_cs_results */ ;
/*!50003 SET collation_connection  = @saved_col_connection */ ;
/*!50003 DROP PROCEDURE IF EXISTS `CheckExistingBoxes` */;
/*!50003 SET @saved_cs_client      = @@character_set_client */ ;
/*!50003 SET @saved_cs_results     = @@character_set_results */ ;
/*!50003 SET @saved_col_connection = @@collation_connection */ ;
/*!50003 SET character_set_client  = utf8mb4 */ ;
/*!50003 SET character_set_results = utf8mb4 */ ;
/*!50003 SET collation_connection  = utf8mb4_0900_ai_ci */ ;
/*!50003 SET @saved_sql_mode       = @@sql_mode */ ;
/*!50003 SET sql_mode              = 'ONLY_FULL_GROUP_BY,STRICT_TRANS_TABLES,NO_ZERO_IN_DATE,NO_ZERO_DATE,ERROR_FOR_DIVISION_BY_ZERO,NO_ENGINE_SUBSTITUTION' */ ;
DELIMITER ;;
CREATE DEFINER=`root`@`localhost` PROCEDURE `CheckExistingBoxes`(
    IN tray_id INT,
    IN box_id INT,
    OUT exists_same_dimensions BOOLEAN
)
BEGIN
    DECLARE existing_boxes_count INT;

    DECLARE box_width INT;
    DECLARE box_height INT;
    DECLARE box_length INT;
    
    SELECT width, height, length INTO box_width, box_height, box_length
    FROM knownBoxes
    WHERE id = box_id;
    
    
    SELECT COUNT(*) INTO existing_boxes_count
    FROM storedBoxes sb
    JOIN knownBoxes kb ON sb.id = kb.id
    WHERE sb.trayId = tray_id
    AND kb.width = box_width
    AND kb.height = box_height
    AND kb.length = box_length;
    
    IF existing_boxes_count = 0 THEN
        SET exists_same_dimensions = FALSE;
    ELSE
        SET exists_same_dimensions = TRUE;
    END IF;
END ;;
DELIMITER ;
/*!50003 SET sql_mode              = @saved_sql_mode */ ;
/*!50003 SET character_set_client  = @saved_cs_client */ ;
/*!50003 SET character_set_results = @saved_cs_results */ ;
/*!50003 SET collation_connection  = @saved_col_connection */ ;
/*!50003 DROP PROCEDURE IF EXISTS `CheckForSameDimensions` */;
/*!50003 SET @saved_cs_client      = @@character_set_client */ ;
/*!50003 SET @saved_cs_results     = @@character_set_results */ ;
/*!50003 SET @saved_col_connection = @@collation_connection */ ;
/*!50003 SET character_set_client  = utf8mb4 */ ;
/*!50003 SET character_set_results = utf8mb4 */ ;
/*!50003 SET collation_connection  = utf8mb4_0900_ai_ci */ ;
/*!50003 SET @saved_sql_mode       = @@sql_mode */ ;
/*!50003 SET sql_mode              = 'ONLY_FULL_GROUP_BY,STRICT_TRANS_TABLES,NO_ZERO_IN_DATE,NO_ZERO_DATE,ERROR_FOR_DIVISION_BY_ZERO,NO_ENGINE_SUBSTITUTION' */ ;
DELIMITER ;;
CREATE DEFINER=`root`@`localhost` PROCEDURE `CheckForSameDimensions`(
    IN tray_id INT,
    IN box_id INT
)
BEGIN
    DECLARE existing_boxes_count INT;

    DECLARE box_width INT;
    DECLARE box_height INT;
    DECLARE box_length INT;
    
    SELECT width, height, length INTO box_width, box_height, box_length
    FROM knownBoxes
    WHERE id = box_id;
    
    SELECT COUNT(*) INTO existing_boxes_count
    FROM storedBoxes sb
    JOIN knownBoxes kb ON sb.boxid = kb.id
    WHERE sb.trayId = tray_id
    AND kb.width = box_width
    AND kb.height = box_height
    AND kb.length = box_length;
    
    -- Return boolean result directly
    IF existing_boxes_count = 0 THEN
        SELECT FALSE AS exists_same_dimensions;
    ELSE
        SELECT TRUE AS exists_same_dimensions;
    END IF;
END ;;
DELIMITER ;
/*!50003 SET sql_mode              = @saved_sql_mode */ ;
/*!50003 SET character_set_client  = @saved_cs_client */ ;
/*!50003 SET character_set_results = @saved_cs_results */ ;
/*!50003 SET collation_connection  = @saved_col_connection */ ;
/*!50003 DROP PROCEDURE IF EXISTS `check_known_box` */;
/*!50003 SET @saved_cs_client      = @@character_set_client */ ;
/*!50003 SET @saved_cs_results     = @@character_set_results */ ;
/*!50003 SET @saved_col_connection = @@collation_connection */ ;
/*!50003 SET character_set_client  = utf8mb4 */ ;
/*!50003 SET character_set_results = utf8mb4 */ ;
/*!50003 SET collation_connection  = utf8mb4_0900_ai_ci */ ;
/*!50003 SET @saved_sql_mode       = @@sql_mode */ ;
/*!50003 SET sql_mode              = 'ONLY_FULL_GROUP_BY,STRICT_TRANS_TABLES,NO_ZERO_IN_DATE,NO_ZERO_DATE,ERROR_FOR_DIVISION_BY_ZERO,NO_ENGINE_SUBSTITUTION' */ ;
DELIMITER ;;
CREATE DEFINER=`root`@`localhost` PROCEDURE `check_known_box`(IN box_id INT, OUT found_box BOOLEAN)
BEGIN
    DECLARE count_rows INT;
    SELECT COUNT(*) INTO count_rows FROM knownBoxes WHERE id = box_id;
    IF count_rows > 0 THEN
        SET found_box = TRUE;
    ELSE
        SET found_box = FALSE;
    END IF;
END ;;
DELIMITER ;
/*!50003 SET sql_mode              = @saved_sql_mode */ ;
/*!50003 SET character_set_client  = @saved_cs_client */ ;
/*!50003 SET character_set_results = @saved_cs_results */ ;
/*!50003 SET collation_connection  = @saved_col_connection */ ;
/*!50003 DROP PROCEDURE IF EXISTS `check_stored_box` */;
/*!50003 SET @saved_cs_client      = @@character_set_client */ ;
/*!50003 SET @saved_cs_results     = @@character_set_results */ ;
/*!50003 SET @saved_col_connection = @@collation_connection */ ;
/*!50003 SET character_set_client  = utf8mb4 */ ;
/*!50003 SET character_set_results = utf8mb4 */ ;
/*!50003 SET collation_connection  = utf8mb4_0900_ai_ci */ ;
/*!50003 SET @saved_sql_mode       = @@sql_mode */ ;
/*!50003 SET sql_mode              = 'ONLY_FULL_GROUP_BY,STRICT_TRANS_TABLES,NO_ZERO_IN_DATE,NO_ZERO_DATE,ERROR_FOR_DIVISION_BY_ZERO,NO_ENGINE_SUBSTITUTION' */ ;
DELIMITER ;;
CREATE DEFINER=`root`@`localhost` PROCEDURE `check_stored_box`(IN box_id INT, OUT found_box BOOLEAN)
BEGIN
    DECLARE count_rows INT;
    SELECT COUNT(*) INTO count_rows FROM storedBoxes WHERE boxId = box_id;
    IF count_rows > 0 THEN
        SET found_box = TRUE;
    ELSE
        SET found_box = FALSE;
    END IF;
END ;;
DELIMITER ;
/*!50003 SET sql_mode              = @saved_sql_mode */ ;
/*!50003 SET character_set_client  = @saved_cs_client */ ;
/*!50003 SET character_set_results = @saved_cs_results */ ;
/*!50003 SET collation_connection  = @saved_col_connection */ ;
/*!50003 DROP PROCEDURE IF EXISTS `GetAllBoxesInTray` */;
/*!50003 SET @saved_cs_client      = @@character_set_client */ ;
/*!50003 SET @saved_cs_results     = @@character_set_results */ ;
/*!50003 SET @saved_col_connection = @@collation_connection */ ;
/*!50003 SET character_set_client  = utf8mb4 */ ;
/*!50003 SET character_set_results = utf8mb4 */ ;
/*!50003 SET collation_connection  = utf8mb4_0900_ai_ci */ ;
/*!50003 SET @saved_sql_mode       = @@sql_mode */ ;
/*!50003 SET sql_mode              = 'ONLY_FULL_GROUP_BY,STRICT_TRANS_TABLES,NO_ZERO_IN_DATE,NO_ZERO_DATE,ERROR_FOR_DIVISION_BY_ZERO,NO_ENGINE_SUBSTITUTION' */ ;
DELIMITER ;;
CREATE DEFINER=`root`@`localhost` PROCEDURE `GetAllBoxesInTray`(IN trayId INT)
BEGIN
     SELECT sb.id, sb.boxId, sb.trayId, sb.lastX, sb.lastY, sb.lastZ, sb.clusterX,sb.clusterY,sb.clusterZ, kt.width, kt.height, kt.length
    FROM storedBoxes sb
    INNER JOIN knownBoxes kt ON sb.boxId = kt.id
    WHERE sb.trayId = trayId;
END ;;
DELIMITER ;
/*!50003 SET sql_mode              = @saved_sql_mode */ ;
/*!50003 SET character_set_client  = @saved_cs_client */ ;
/*!50003 SET character_set_results = @saved_cs_results */ ;
/*!50003 SET collation_connection  = @saved_col_connection */ ;
/*!50003 DROP PROCEDURE IF EXISTS `GetBoxDimensions` */;
/*!50003 SET @saved_cs_client      = @@character_set_client */ ;
/*!50003 SET @saved_cs_results     = @@character_set_results */ ;
/*!50003 SET @saved_col_connection = @@collation_connection */ ;
/*!50003 SET character_set_client  = utf8mb4 */ ;
/*!50003 SET character_set_results = utf8mb4 */ ;
/*!50003 SET collation_connection  = utf8mb4_0900_ai_ci */ ;
/*!50003 SET @saved_sql_mode       = @@sql_mode */ ;
/*!50003 SET sql_mode              = 'ONLY_FULL_GROUP_BY,STRICT_TRANS_TABLES,NO_ZERO_IN_DATE,NO_ZERO_DATE,ERROR_FOR_DIVISION_BY_ZERO,NO_ENGINE_SUBSTITUTION' */ ;
DELIMITER ;;
CREATE DEFINER=`root`@`localhost` PROCEDURE `GetBoxDimensions`(IN boxId INT)
BEGIN
    SELECT width, height, length FROM knownBoxes WHERE id = boxId ;
END ;;
DELIMITER ;
/*!50003 SET sql_mode              = @saved_sql_mode */ ;
/*!50003 SET character_set_client  = @saved_cs_client */ ;
/*!50003 SET character_set_results = @saved_cs_results */ ;
/*!50003 SET collation_connection  = @saved_col_connection */ ;
/*!50003 DROP PROCEDURE IF EXISTS `GetBoxInfo` */;
/*!50003 SET @saved_cs_client      = @@character_set_client */ ;
/*!50003 SET @saved_cs_results     = @@character_set_results */ ;
/*!50003 SET @saved_col_connection = @@collation_connection */ ;
/*!50003 SET character_set_client  = utf8mb4 */ ;
/*!50003 SET character_set_results = utf8mb4 */ ;
/*!50003 SET collation_connection  = utf8mb4_0900_ai_ci */ ;
/*!50003 SET @saved_sql_mode       = @@sql_mode */ ;
/*!50003 SET sql_mode              = 'ONLY_FULL_GROUP_BY,STRICT_TRANS_TABLES,NO_ZERO_IN_DATE,NO_ZERO_DATE,ERROR_FOR_DIVISION_BY_ZERO,NO_ENGINE_SUBSTITUTION' */ ;
DELIMITER ;;
CREATE DEFINER=`root`@`localhost` PROCEDURE `GetBoxInfo`(IN boxId INT)
BEGIN
    DECLARE box_id INT;
    DECLARE box_width DOUBLE;
    DECLARE box_height DOUBLE;
    DECLARE box_length DOUBLE;
    DECLARE last_x DOUBLE;
    DECLARE last_y DOUBLE;
    DECLARE last_z DOUBLE;
	DECLARE c_x DOUBLE;
    DECLARE c_y DOUBLE;
    DECLARE c_z DOUBLE;
    -- Retrieve box dimensions and last known location
    SELECT sb.boxId, kt.width, kt.height, kt.length, sb.lastX, sb.lastY, sb.lastZ, sb.clusterX, sb.clusterY, sb.clusterZ INTO box_id, box_width, box_height, box_length, last_x, last_y, last_z, c_x, c_y,c_z
    FROM storedBoxes sb
    JOIN knownBoxes kt ON sb.boxId = kt.id
    WHERE sb.id = boxId;

    -- Return box_id, box dimensions, and last known location
    SELECT box_id, box_width, box_height, box_length, last_x, last_y, last_z, c_x,c_y,c_z;
END ;;
DELIMITER ;
/*!50003 SET sql_mode              = @saved_sql_mode */ ;
/*!50003 SET character_set_client  = @saved_cs_client */ ;
/*!50003 SET character_set_results = @saved_cs_results */ ;
/*!50003 SET collation_connection  = @saved_col_connection */ ;
/*!50003 DROP PROCEDURE IF EXISTS `GetLastKnownLocation` */;
/*!50003 SET @saved_cs_client      = @@character_set_client */ ;
/*!50003 SET @saved_cs_results     = @@character_set_results */ ;
/*!50003 SET @saved_col_connection = @@collation_connection */ ;
/*!50003 SET character_set_client  = utf8mb4 */ ;
/*!50003 SET character_set_results = utf8mb4 */ ;
/*!50003 SET collation_connection  = utf8mb4_0900_ai_ci */ ;
/*!50003 SET @saved_sql_mode       = @@sql_mode */ ;
/*!50003 SET sql_mode              = 'ONLY_FULL_GROUP_BY,STRICT_TRANS_TABLES,NO_ZERO_IN_DATE,NO_ZERO_DATE,ERROR_FOR_DIVISION_BY_ZERO,NO_ENGINE_SUBSTITUTION' */ ;
DELIMITER ;;
CREATE DEFINER=`root`@`localhost` PROCEDURE `GetLastKnownLocation`(IN bid INT)
BEGIN
    SELECT boxId, lastX, lastY, lastZ FROM storedBoxes WHERE id = bid;
END ;;
DELIMITER ;
/*!50003 SET sql_mode              = @saved_sql_mode */ ;
/*!50003 SET character_set_client  = @saved_cs_client */ ;
/*!50003 SET character_set_results = @saved_cs_results */ ;
/*!50003 SET collation_connection  = @saved_col_connection */ ;
/*!50003 DROP PROCEDURE IF EXISTS `GetReference` */;
/*!50003 SET @saved_cs_client      = @@character_set_client */ ;
/*!50003 SET @saved_cs_results     = @@character_set_results */ ;
/*!50003 SET @saved_col_connection = @@collation_connection */ ;
/*!50003 SET character_set_client  = utf8mb4 */ ;
/*!50003 SET character_set_results = utf8mb4 */ ;
/*!50003 SET collation_connection  = utf8mb4_0900_ai_ci */ ;
/*!50003 SET @saved_sql_mode       = @@sql_mode */ ;
/*!50003 SET sql_mode              = 'ONLY_FULL_GROUP_BY,STRICT_TRANS_TABLES,NO_ZERO_IN_DATE,NO_ZERO_DATE,ERROR_FOR_DIVISION_BY_ZERO,NO_ENGINE_SUBSTITUTION' */ ;
DELIMITER ;;
CREATE DEFINER=`root`@`localhost` PROCEDURE `GetReference`(IN posId INT)
BEGIN
    SELECT referenceX, referenceY, referenceZ
    FROM trayReferences
    WHERE positionId = posId;
END ;;
DELIMITER ;
/*!50003 SET sql_mode              = @saved_sql_mode */ ;
/*!50003 SET character_set_client  = @saved_cs_client */ ;
/*!50003 SET character_set_results = @saved_cs_results */ ;
/*!50003 SET collation_connection  = @saved_col_connection */ ;
/*!50003 DROP PROCEDURE IF EXISTS `GetRefernce` */;
/*!50003 SET @saved_cs_client      = @@character_set_client */ ;
/*!50003 SET @saved_cs_results     = @@character_set_results */ ;
/*!50003 SET @saved_col_connection = @@collation_connection */ ;
/*!50003 SET character_set_client  = utf8mb4 */ ;
/*!50003 SET character_set_results = utf8mb4 */ ;
/*!50003 SET collation_connection  = utf8mb4_0900_ai_ci */ ;
/*!50003 SET @saved_sql_mode       = @@sql_mode */ ;
/*!50003 SET sql_mode              = 'ONLY_FULL_GROUP_BY,STRICT_TRANS_TABLES,NO_ZERO_IN_DATE,NO_ZERO_DATE,ERROR_FOR_DIVISION_BY_ZERO,NO_ENGINE_SUBSTITUTION' */ ;
DELIMITER ;;
CREATE DEFINER=`root`@`localhost` PROCEDURE `GetRefernce`(IN posId INT)
BEGIN
    SELECT referenceX,referenceY,referenceZ
    FROM trayReferences
    WHERE positionId = posId;
END ;;
DELIMITER ;
/*!50003 SET sql_mode              = @saved_sql_mode */ ;
/*!50003 SET character_set_client  = @saved_cs_client */ ;
/*!50003 SET character_set_results = @saved_cs_results */ ;
/*!50003 SET collation_connection  = @saved_col_connection */ ;
/*!50003 DROP PROCEDURE IF EXISTS `GetTasksInQueueByTray` */;
/*!50003 SET @saved_cs_client      = @@character_set_client */ ;
/*!50003 SET @saved_cs_results     = @@character_set_results */ ;
/*!50003 SET @saved_col_connection = @@collation_connection */ ;
/*!50003 SET character_set_client  = utf8mb4 */ ;
/*!50003 SET character_set_results = utf8mb4 */ ;
/*!50003 SET collation_connection  = utf8mb4_0900_ai_ci */ ;
/*!50003 SET @saved_sql_mode       = @@sql_mode */ ;
/*!50003 SET sql_mode              = 'ONLY_FULL_GROUP_BY,STRICT_TRANS_TABLES,NO_ZERO_IN_DATE,NO_ZERO_DATE,ERROR_FOR_DIVISION_BY_ZERO,NO_ENGINE_SUBSTITUTION' */ ;
DELIMITER ;;
CREATE DEFINER=`root`@`localhost` PROCEDURE `GetTasksInQueueByTray`(
    IN tray_id INT
)
BEGIN
    SELECT id, boxId, task, trayId
    FROM Queue
    WHERE trayId = tray_id;
END ;;
DELIMITER ;
/*!50003 SET sql_mode              = @saved_sql_mode */ ;
/*!50003 SET character_set_client  = @saved_cs_client */ ;
/*!50003 SET character_set_results = @saved_cs_results */ ;
/*!50003 SET collation_connection  = @saved_col_connection */ ;
/*!50003 DROP PROCEDURE IF EXISTS `GetTrayIdByBoxId` */;
/*!50003 SET @saved_cs_client      = @@character_set_client */ ;
/*!50003 SET @saved_cs_results     = @@character_set_results */ ;
/*!50003 SET @saved_col_connection = @@collation_connection */ ;
/*!50003 SET character_set_client  = utf8mb4 */ ;
/*!50003 SET character_set_results = utf8mb4 */ ;
/*!50003 SET collation_connection  = utf8mb4_0900_ai_ci */ ;
/*!50003 SET @saved_sql_mode       = @@sql_mode */ ;
/*!50003 SET sql_mode              = 'ONLY_FULL_GROUP_BY,STRICT_TRANS_TABLES,NO_ZERO_IN_DATE,NO_ZERO_DATE,ERROR_FOR_DIVISION_BY_ZERO,NO_ENGINE_SUBSTITUTION' */ ;
DELIMITER ;;
CREATE DEFINER=`root`@`localhost` PROCEDURE `GetTrayIdByBoxId`(IN box_Id INT)
BEGIN
    SELECT trayId 
    FROM storedBoxes
    WHERE id = box_Id;
END ;;
DELIMITER ;
/*!50003 SET sql_mode              = @saved_sql_mode */ ;
/*!50003 SET character_set_client  = @saved_cs_client */ ;
/*!50003 SET character_set_results = @saved_cs_results */ ;
/*!50003 SET collation_connection  = @saved_col_connection */ ;
/*!50003 DROP PROCEDURE IF EXISTS `getTrayInfo` */;
/*!50003 SET @saved_cs_client      = @@character_set_client */ ;
/*!50003 SET @saved_cs_results     = @@character_set_results */ ;
/*!50003 SET @saved_col_connection = @@collation_connection */ ;
/*!50003 SET character_set_client  = utf8mb4 */ ;
/*!50003 SET character_set_results = utf8mb4 */ ;
/*!50003 SET collation_connection  = utf8mb4_0900_ai_ci */ ;
/*!50003 SET @saved_sql_mode       = @@sql_mode */ ;
/*!50003 SET sql_mode              = 'ONLY_FULL_GROUP_BY,STRICT_TRANS_TABLES,NO_ZERO_IN_DATE,NO_ZERO_DATE,ERROR_FOR_DIVISION_BY_ZERO,NO_ENGINE_SUBSTITUTION' */ ;
DELIMITER ;;
CREATE DEFINER=`root`@`localhost` PROCEDURE `getTrayInfo`(IN trayId INT)
BEGIN
	DECLARE height DOUBLE;
    DECLARE ref_x DOUBLE;
    DECLARE ref_y DOUBLE;
    DECLARE ref_z DOUBLE;

    SELECT height, reference_x, reference_y, reference_z
    INTO height, ref_x, ref_y, ref_z
    FROM trayInfo
    WHERE trayId = trayId AND id = (SELECT MAX(id) FROM trayInfo WHERE trayId = trayId);
END ;;
DELIMITER ;
/*!50003 SET sql_mode              = @saved_sql_mode */ ;
/*!50003 SET character_set_client  = @saved_cs_client */ ;
/*!50003 SET character_set_results = @saved_cs_results */ ;
/*!50003 SET collation_connection  = @saved_col_connection */ ;
/*!50003 DROP PROCEDURE IF EXISTS `GetUnstoredBoxes` */;
/*!50003 SET @saved_cs_client      = @@character_set_client */ ;
/*!50003 SET @saved_cs_results     = @@character_set_results */ ;
/*!50003 SET @saved_col_connection = @@collation_connection */ ;
/*!50003 SET character_set_client  = utf8mb4 */ ;
/*!50003 SET character_set_results = utf8mb4 */ ;
/*!50003 SET collation_connection  = utf8mb4_0900_ai_ci */ ;
/*!50003 SET @saved_sql_mode       = @@sql_mode */ ;
/*!50003 SET sql_mode              = 'ONLY_FULL_GROUP_BY,STRICT_TRANS_TABLES,NO_ZERO_IN_DATE,NO_ZERO_DATE,ERROR_FOR_DIVISION_BY_ZERO,NO_ENGINE_SUBSTITUTION' */ ;
DELIMITER ;;
CREATE DEFINER=`root`@`localhost` PROCEDURE `GetUnstoredBoxes`()
BEGIN
    SELECT kt.id
    FROM knownBoxes kt
    LEFT JOIN storedBoxes sb ON kt.id = sb.boxid
    WHERE sb.boxId IS NULL;
END ;;
DELIMITER ;
/*!50003 SET sql_mode              = @saved_sql_mode */ ;
/*!50003 SET character_set_client  = @saved_cs_client */ ;
/*!50003 SET character_set_results = @saved_cs_results */ ;
/*!50003 SET collation_connection  = @saved_col_connection */ ;
/*!50003 DROP PROCEDURE IF EXISTS `nonTrainedBoxes` */;
/*!50003 SET @saved_cs_client      = @@character_set_client */ ;
/*!50003 SET @saved_cs_results     = @@character_set_results */ ;
/*!50003 SET @saved_col_connection = @@collation_connection */ ;
/*!50003 SET character_set_client  = utf8mb4 */ ;
/*!50003 SET character_set_results = utf8mb4 */ ;
/*!50003 SET collation_connection  = utf8mb4_0900_ai_ci */ ;
/*!50003 SET @saved_sql_mode       = @@sql_mode */ ;
/*!50003 SET sql_mode              = 'ONLY_FULL_GROUP_BY,STRICT_TRANS_TABLES,NO_ZERO_IN_DATE,NO_ZERO_DATE,ERROR_FOR_DIVISION_BY_ZERO,NO_ENGINE_SUBSTITUTION' */ ;
DELIMITER ;;
CREATE DEFINER=`root`@`localhost` PROCEDURE `nonTrainedBoxes`()
BEGIN
SELECT id, productName FROM knownBoxes
where trained = 0;
	
END ;;
DELIMITER ;
/*!50003 SET sql_mode              = @saved_sql_mode */ ;
/*!50003 SET character_set_client  = @saved_cs_client */ ;
/*!50003 SET character_set_results = @saved_cs_results */ ;
/*!50003 SET collation_connection  = @saved_col_connection */ ;
/*!50003 DROP PROCEDURE IF EXISTS `RemoveStoredBox` */;
/*!50003 SET @saved_cs_client      = @@character_set_client */ ;
/*!50003 SET @saved_cs_results     = @@character_set_results */ ;
/*!50003 SET @saved_col_connection = @@collation_connection */ ;
/*!50003 SET character_set_client  = utf8mb4 */ ;
/*!50003 SET character_set_results = utf8mb4 */ ;
/*!50003 SET collation_connection  = utf8mb4_0900_ai_ci */ ;
/*!50003 SET @saved_sql_mode       = @@sql_mode */ ;
/*!50003 SET sql_mode              = 'ONLY_FULL_GROUP_BY,STRICT_TRANS_TABLES,NO_ZERO_IN_DATE,NO_ZERO_DATE,ERROR_FOR_DIVISION_BY_ZERO,NO_ENGINE_SUBSTITUTION' */ ;
DELIMITER ;;
CREATE DEFINER=`root`@`localhost` PROCEDURE `RemoveStoredBox`(
    IN box_id INT
)
BEGIN
    DELETE FROM storedBoxes
    WHERE id = box_id;
    
    SELECT 'Stored box removed successfully' AS Message;
END ;;
DELIMITER ;
/*!50003 SET sql_mode              = @saved_sql_mode */ ;
/*!50003 SET character_set_client  = @saved_cs_client */ ;
/*!50003 SET character_set_results = @saved_cs_results */ ;
/*!50003 SET collation_connection  = @saved_col_connection */ ;
/*!50003 DROP PROCEDURE IF EXISTS `RemoveTaskFromQueue` */;
/*!50003 SET @saved_cs_client      = @@character_set_client */ ;
/*!50003 SET @saved_cs_results     = @@character_set_results */ ;
/*!50003 SET @saved_col_connection = @@collation_connection */ ;
/*!50003 SET character_set_client  = utf8mb4 */ ;
/*!50003 SET character_set_results = utf8mb4 */ ;
/*!50003 SET collation_connection  = utf8mb4_0900_ai_ci */ ;
/*!50003 SET @saved_sql_mode       = @@sql_mode */ ;
/*!50003 SET sql_mode              = 'ONLY_FULL_GROUP_BY,STRICT_TRANS_TABLES,NO_ZERO_IN_DATE,NO_ZERO_DATE,ERROR_FOR_DIVISION_BY_ZERO,NO_ENGINE_SUBSTITUTION' */ ;
DELIMITER ;;
CREATE DEFINER=`root`@`localhost` PROCEDURE `RemoveTaskFromQueue`(
    IN task_id INT
)
BEGIN
    DELETE FROM Queue
    WHERE id = task_id;
    
    SELECT 'Task removed successfully' AS Message;
END ;;
DELIMITER ;
/*!50003 SET sql_mode              = @saved_sql_mode */ ;
/*!50003 SET character_set_client  = @saved_cs_client */ ;
/*!50003 SET character_set_results = @saved_cs_results */ ;
/*!50003 SET collation_connection  = @saved_col_connection */ ;
/*!50003 DROP PROCEDURE IF EXISTS `statement_performance_analyzer` */;
/*!50003 SET @saved_cs_client      = @@character_set_client */ ;
/*!50003 SET @saved_cs_results     = @@character_set_results */ ;
/*!50003 SET @saved_col_connection = @@collation_connection */ ;
/*!50003 SET character_set_client  = utf8mb4 */ ;
/*!50003 SET character_set_results = utf8mb4 */ ;
/*!50003 SET collation_connection  = utf8mb4_0900_ai_ci */ ;
/*!50003 SET @saved_sql_mode       = @@sql_mode */ ;
/*!50003 SET sql_mode              = 'ONLY_FULL_GROUP_BY,STRICT_TRANS_TABLES,NO_ZERO_IN_DATE,NO_ZERO_DATE,ERROR_FOR_DIVISION_BY_ZERO,NO_ENGINE_SUBSTITUTION' */ ;
DELIMITER ;;
CREATE DEFINER=`mysql.sys`@`localhost` PROCEDURE `statement_performance_analyzer`(
        IN in_action ENUM('snapshot', 'overall', 'delta', 'create_table', 'create_tmp', 'save', 'cleanup'),
        IN in_table VARCHAR(129),
        IN in_views SET ('with_runtimes_in_95th_percentile', 'analysis', 'with_errors_or_warnings', 'with_full_table_scans', 'with_sorting', 'with_temp_tables', 'custom')
    )
    SQL SECURITY INVOKER
    COMMENT '\nDescription\n-----------\n\nCreate a report of the statements running on the server.\n\nThe views are calculated based on the overall and/or delta activity.\n\nRequires the SUPER privilege for "SET sql_log_bin = 0;".\n\nParameters\n-----------\n\nin_action (ENUM(''snapshot'', ''overall'', ''delta'', ''create_tmp'', ''create_table'', ''save'', ''cleanup'')):\n  The action to take. Supported actions are:\n    * snapshot      Store a snapshot. The default is to make a snapshot of the current content of\n                    performance_schema.events_statements_summary_by_digest, but by setting in_table\n                    this can be overwritten to copy the content of the specified table.\n                    The snapshot is stored in the sys.tmp_digests temporary table.\n    * overall       Generate analyzis based on the content specified by in_table. For the overall analyzis,\n                    in_table can be NOW() to use a fresh snapshot. This will overwrite an existing snapshot.\n                    Use NULL for in_table to use the existing snapshot. If in_table IS NULL and no snapshot\n                    exists, a new will be created.\n                    See also in_views and @sys.statement_performance_analyzer.limit.\n    * delta         Generate a delta analysis. The delta will be calculated between the reference table in\n                    in_table and the snapshot. An existing snapshot must exist.\n                    The action uses the sys.tmp_digests_delta temporary table.\n                    See also in_views and @sys.statement_performance_analyzer.limit.\n    * create_table  Create a regular table suitable for storing the snapshot for later use, e.g. for\n                    calculating deltas.\n    * create_tmp    Create a temporary table suitable for storing the snapshot for later use, e.g. for\n                    calculating deltas.\n    * save          Save the snapshot in the table specified by in_table. The table must exists and have\n                    the correct structure.\n                    If no snapshot exists, a new is created.\n    * cleanup       Remove the temporary tables used for the snapshot and delta.\n\nin_table (VARCHAR(129)):\n  The table argument used for some actions. Use the format ''db1.t1'' or ''t1'' without using any backticks (`)\n  for quoting. Periods (.) are not supported in the database and table names.\n\n  The meaning of the table for each action supporting the argument is:\n\n    * snapshot      The snapshot is created based on the specified table. Set to NULL or NOW() to use\n                    the current content of performance_schema.events_statements_summary_by_digest.\n    * overall       The table with the content to create the overall analyzis for. The following values\n                    can be used:\n                      - A table name - use the content of that table.\n                      - NOW()        - create a fresh snapshot and overwrite the existing snapshot.\n                      - NULL         - use the last stored snapshot.\n    * delta         The table name is mandatory and specified the reference view to compare the currently\n                    stored snapshot against. If no snapshot exists, a new will be created.\n    * create_table  The name of the regular table to create.\n    * create_tmp    The name of the temporary table to create.\n    * save          The name of the table to save the currently stored snapshot into.\n\nin_views (SET (''with_runtimes_in_95th_percentile'', ''analysis'', ''with_errors_or_warnings'',\n               ''with_full_table_scans'', ''with_sorting'', ''with_temp_tables'', ''custom''))\n  Which views to include:\n\n    * with_runtimes_in_95th_percentile  Based on the sys.statements_with_runtimes_in_95th_percentile view\n    * analysis                          Based on the sys.statement_analysis view\n    * with_errors_or_warnings           Based on the sys.statements_with_errors_or_warnings view\n    * with_full_table_scans             Based on the sys.statements_with_full_table_scans view\n    * with_sorting                      Based on the sys.statements_with_sorting view\n    * with_temp_tables                  Based on the sys.statements_with_temp_tables view\n    * custom                            Use a custom view. This view must be specified in @sys.statement_performance_analyzer.view to an existing view or a query\n\nDefault is to include all except ''custom''.\n\n\nConfiguration Options\n----------------------\n\nsys.statement_performance_analyzer.limit\n  The maximum number of rows to include for the views that does not have a built-in limit (e.g. the 95th percentile view).\n  If not set the limit is 100.\n\nsys.statement_performance_analyzer.view\n  Used together with the ''custom'' view. If the value contains a space, it is considered a query, otherwise it must be\n  an existing view querying the performance_schema.events_statements_summary_by_digest table. There cannot be any limit\n  clause including in the query or view definition if @sys.statement_performance_analyzer.limit > 0.\n  If specifying a view, use the same format as for in_table.\n\nsys.debug\n  Whether to provide debugging output.\n  Default is ''OFF''. Set to ''ON'' to include.\n\n\nExample\n--------\n\nTo create a report with the queries in the 95th percentile since last truncate of performance_schema.events_statements_summary_by_digest\nand the delta for a 1 minute period:\n\n   1. Create a temporary table to store the initial snapshot.\n   2. Create the initial snapshot.\n   3. Save the initial snapshot in the temporary table.\n   4. Wait one minute.\n   5. Create a new snapshot.\n   6. Perform analyzis based on the new snapshot.\n   7. Perform analyzis based on the delta between the initial and new snapshots.\n\nmysql> CALL sys.statement_performance_analyzer(''create_tmp'', ''mydb.tmp_digests_ini'', NULL);\nQuery OK, 0 rows affected (0.08 sec)\n\nmysql> CALL sys.statement_performance_analyzer(''snapshot'', NULL, NULL);\nQuery OK, 0 rows affected (0.02 sec)\n\nmysql> CALL sys.statement_performance_analyzer(''save'', ''mydb.tmp_digests_ini'', NULL);\nQuery OK, 0 rows affected (0.00 sec)\n\nmysql> DO SLEEP(60);\nQuery OK, 0 rows affected (1 min 0.00 sec)\n\nmysql> CALL sys.statement_performance_analyzer(''snapshot'', NULL, NULL);\nQuery OK, 0 rows affected (0.02 sec)\n\nmysql> CALL sys.statement_performance_analyzer(''overall'', NULL, ''with_runtimes_in_95th_percentile'');\n+-----------------------------------------+\n| Next Output                             |\n+-----------------------------------------+\n| Queries with Runtime in 95th Percentile |\n+-----------------------------------------+\n1 row in set (0.05 sec)\n\n...\n\nmysql> CALL sys.statement_performance_analyzer(''delta'', ''mydb.tmp_digests_ini'', ''with_runtimes_in_95th_percentile'');\n+-----------------------------------------+\n| Next Output                             |\n+-----------------------------------------+\n| Queries with Runtime in 95th Percentile |\n+-----------------------------------------+\n1 row in set (0.03 sec)\n\n...\n\n\nTo create an overall report of the 95th percentile queries and the top 10 queries with full table scans:\n\nmysql> CALL sys.statement_performance_analyzer(''snapshot'', NULL, NULL);\nQuery OK, 0 rows affected (0.01 sec)\n\nmysql> SET @sys.statement_performance_analyzer.limit = 10;\nQuery OK, 0 rows affected (0.00 sec)\n\nmysql> CALL sys.statement_performance_analyzer(''overall'', NULL, ''with_runtimes_in_95th_percentile,with_full_table_scans'');\n+-----------------------------------------+\n| Next Output                             |\n+-----------------------------------------+\n| Queries with Runtime in 95th Percentile |\n+-----------------------------------------+\n1 row in set (0.01 sec)\n\n...\n\n+-------------------------------------+\n| Next Output                         |\n+-------------------------------------+\n| Top 10 Queries with Full Table Scan |\n+-------------------------------------+\n1 row in set (0.09 sec)\n\n...\n\n\nUse a custom view showing the top 10 query sorted by total execution time refreshing the view every minute using\nthe watch command in Linux.\n\nmysql> CREATE OR REPLACE VIEW mydb.my_statements AS\n    -> SELECT sys.format_statement(DIGEST_TEXT) AS query,\n    ->        SCHEMA_NAME AS db,\n    ->        COUNT_STAR AS exec_count,\n    ->        format_pico_time(SUM_TIMER_WAIT) AS total_latency,\n    ->        format_pico_time(AVG_TIMER_WAIT) AS avg_latency,\n    ->        ROUND(IFNULL(SUM_ROWS_SENT / NULLIF(COUNT_STAR, 0), 0)) AS rows_sent_avg,\n    ->        ROUND(IFNULL(SUM_ROWS_EXAMINED / NULLIF(COUNT_STAR, 0), 0)) AS rows_examined_avg,\n    ->        ROUND(IFNULL(SUM_ROWS_AFFECTED / NULLIF(COUNT_STAR, 0), 0)) AS rows_affected_avg,\n    ->        DIGEST AS digest\n    ->   FROM performance_schema.events_statements_summary_by_digest\n    -> ORDER BY SUM_TIMER_WAIT DESC;\nQuery OK, 0 rows affected (0.01 sec)\n\nmysql> CALL sys.statement_performance_analyzer(''create_table'', ''mydb.digests_prev'', NULL);\nQuery OK, 0 rows affected (0.10 sec)\n\nshell$ watch -n 60 "mysql sys --table -e "\n> SET @sys.statement_performance_analyzer.view = ''mydb.my_statements'';\n> SET @sys.statement_performance_analyzer.limit = 10;\n> CALL statement_performance_analyzer(''snapshot'', NULL, NULL);\n> CALL statement_performance_analyzer(''delta'', ''mydb.digests_prev'', ''custom'');\n> CALL statement_performance_analyzer(''save'', ''mydb.digests_prev'', NULL);\n> ""\n\nEvery 60.0s: mysql sys --table -e "                                                                                                   ...  Mon Dec 22 10:58:51 2014\n\n+----------------------------------+\n| Next Output                      |\n+----------------------------------+\n| Top 10 Queries Using Custom View |\n+----------------------------------+\n+-------------------+-------+------------+---------------+-------------+---------------+-------------------+-------------------+----------------------------------+\n| query             | db    | exec_count | total_latency | avg_latency | rows_sent_avg | rows_examined_avg | rows_affected_avg | digest                           |\n+-------------------+-------+------------+---------------+-------------+---------------+-------------------+-------------------+----------------------------------+\n...\n'
BEGIN
    DECLARE v_table_exists, v_tmp_digests_table_exists, v_custom_view_exists ENUM('', 'BASE TABLE', 'VIEW', 'TEMPORARY') DEFAULT '';
    DECLARE v_this_thread_enabled ENUM('YES', 'NO');
    DECLARE v_force_new_snapshot BOOLEAN DEFAULT FALSE;
    DECLARE v_digests_table VARCHAR(133);
    DECLARE v_quoted_table, v_quoted_custom_view VARCHAR(133) DEFAULT '';
    DECLARE v_table_db, v_table_name, v_custom_db, v_custom_name VARCHAR(64);
    DECLARE v_digest_table_template, v_checksum_ref, v_checksum_table text;
    DECLARE v_sql longtext;
    -- Maximum supported length for MESSAGE_TEXT with the SIGNAL command is 128 chars.
    DECLARE v_error_msg VARCHAR(128);
    DECLARE v_old_group_concat_max_len INT UNSIGNED DEFAULT 0;
    -- Don't instrument this thread
    SELECT INSTRUMENTED INTO v_this_thread_enabled FROM performance_schema.threads WHERE PROCESSLIST_ID = CONNECTION_ID();
    IF (v_this_thread_enabled = 'YES') THEN
        CALL sys.ps_setup_disable_thread(CONNECTION_ID());
    END IF;
    -- Temporary table are used - disable sql_log_bin if necessary to prevent them replicating
    SET @log_bin := @@sql_log_bin;
    IF ((@log_bin = 1) AND (@@binlog_format = 'STATEMENT')) THEN
        SET sql_log_bin = 0;
    END IF;
    -- Set configuration options
    IF (@sys.statement_performance_analyzer.limit IS NULL) THEN
        SET @sys.statement_performance_analyzer.limit = sys.sys_get_config('statement_performance_analyzer.limit', '100');
    END IF;
    IF (@sys.debug IS NULL) THEN
        SET @sys.debug                                = sys.sys_get_config('debug'                               , 'OFF');
    END IF;
    -- If in_table is set, break in_table into a db and table component and check whether it exists
    -- in_table = NOW() is considered like it's not set.
    IF (in_table = 'NOW()') THEN
        SET v_force_new_snapshot = TRUE,
            in_table             = NULL;
    ELSEIF (in_table IS NOT NULL) THEN
        IF (NOT INSTR(in_table, '.')) THEN
            -- No . in the table name - use current database
            -- DATABASE() will be the database of the procedure
            SET v_table_db   = DATABASE(),
                v_table_name = in_table;
        ELSE
            SET v_table_db   = SUBSTRING_INDEX(in_table, '.', 1);
            SET v_table_name = SUBSTRING(in_table, CHAR_LENGTH(v_table_db)+2);
        END IF;
        SET v_quoted_table = CONCAT('`', v_table_db, '`.`', v_table_name, '`');
        IF (@sys.debug = 'ON') THEN
            SELECT CONCAT('in_table is: db = ''', v_table_db, ''', table = ''', v_table_name, '''') AS 'Debug';
        END IF;
        IF (v_table_db = DATABASE() AND (v_table_name = 'tmp_digests' OR v_table_name = 'tmp_digests_delta')) THEN
            SET v_error_msg = CONCAT('Invalid value for in_table: ', v_quoted_table, ' is reserved table name.');
            SIGNAL SQLSTATE '45000'
               SET MESSAGE_TEXT = v_error_msg;
        END IF;
        CALL sys.table_exists(v_table_db, v_table_name, v_table_exists);
        IF (@sys.debug = 'ON') THEN
            SELECT CONCAT('v_table_exists = ', v_table_exists) AS 'Debug';
        END IF;
        IF (v_table_exists = 'BASE TABLE') THEN
            SET v_old_group_concat_max_len = @@session.group_concat_max_len;
            SET @@session.group_concat_max_len = 2048;
            -- Verify that the table has the correct table definition
            -- This can only be done for base tables as temporary aren't in information_schema.COLUMNS.
            -- This also minimises the risk of using a production table.
            SET v_checksum_ref = (
                 SELECT GROUP_CONCAT(CONCAT(COLUMN_NAME, COLUMN_TYPE) ORDER BY ORDINAL_POSITION) AS Checksum
                   FROM information_schema.COLUMNS
                  WHERE TABLE_SCHEMA = 'performance_schema' AND TABLE_NAME = 'events_statements_summary_by_digest'
                ),
                v_checksum_table = (
                 SELECT GROUP_CONCAT(CONCAT(COLUMN_NAME, COLUMN_TYPE) ORDER BY ORDINAL_POSITION) AS Checksum
                   FROM information_schema.COLUMNS
                  WHERE TABLE_SCHEMA = v_table_db AND TABLE_NAME = v_table_name
                );
            SET @@session.group_concat_max_len = v_old_group_concat_max_len;
            IF (v_checksum_ref <> v_checksum_table) THEN
                -- The table does not have the correct definition, so abandon
                SET v_error_msg = CONCAT('The table ',
                                         IF(CHAR_LENGTH(v_quoted_table) > 93, CONCAT('...', SUBSTRING(v_quoted_table, -90)), v_quoted_table),
                                         ' has the wrong definition.');
                SIGNAL SQLSTATE '45000'
                   SET MESSAGE_TEXT = v_error_msg;
            END IF;
        END IF;
    END IF;
    IF (in_views IS NULL OR in_views = '') THEN
        -- Set to default
        SET in_views = 'with_runtimes_in_95th_percentile,analysis,with_errors_or_warnings,with_full_table_scans,with_sorting,with_temp_tables';
    END IF;
    -- Validate settings
    CALL sys.table_exists(DATABASE(), 'tmp_digests', v_tmp_digests_table_exists);
    IF (@sys.debug = 'ON') THEN
        SELECT CONCAT('v_tmp_digests_table_exists = ', v_tmp_digests_table_exists) AS 'Debug';
    END IF;
    CASE
        WHEN in_action IN ('snapshot', 'overall') THEN
            -- in_table must be NULL, NOW(), or an existing table
            IF (in_table IS NOT NULL) THEN
                IF (NOT v_table_exists IN ('TEMPORARY', 'BASE TABLE')) THEN
                    SET v_error_msg = CONCAT('The ', in_action, ' action requires in_table to be NULL, NOW() or specify an existing table.',
                                             ' The table ',
                                             IF(CHAR_LENGTH(v_quoted_table) > 16, CONCAT('...', SUBSTRING(v_quoted_table, -13)), v_quoted_table),
                                             ' does not exist.');
                    SIGNAL SQLSTATE '45000'
                       SET MESSAGE_TEXT = v_error_msg;
                END IF;
            END IF;
        WHEN in_action IN ('delta', 'save') THEN
            -- in_table must be an existing table
            IF (v_table_exists NOT IN ('TEMPORARY', 'BASE TABLE')) THEN
                SET v_error_msg = CONCAT('The ', in_action, ' action requires in_table to be an existing table.',
                                         IF(in_table IS NOT NULL, CONCAT(' The table ',
                                             IF(CHAR_LENGTH(v_quoted_table) > 39, CONCAT('...', SUBSTRING(v_quoted_table, -36)), v_quoted_table),
                                             ' does not exist.'), ''));
                SIGNAL SQLSTATE '45000'
                   SET MESSAGE_TEXT = v_error_msg;
            END IF;
            IF (in_action = 'delta' AND v_tmp_digests_table_exists <> 'TEMPORARY') THEN
                SIGNAL SQLSTATE '45000'
                   SET MESSAGE_TEXT = 'An existing snapshot generated with the statement_performance_analyzer() must exist.';
            END IF;
        WHEN in_action = 'create_tmp' THEN
            -- in_table must not exists as a temporary table
            IF (v_table_exists = 'TEMPORARY') THEN
                SET v_error_msg = CONCAT('Cannot create the table ',
                                         IF(CHAR_LENGTH(v_quoted_table) > 72, CONCAT('...', SUBSTRING(v_quoted_table, -69)), v_quoted_table),
                                         ' as it already exists.');
                SIGNAL SQLSTATE '45000'
                   SET MESSAGE_TEXT = v_error_msg;
            END IF;
        WHEN in_action = 'create_table' THEN
            -- in_table must not exists at all
            IF (v_table_exists <> '') THEN
                SET v_error_msg = CONCAT('Cannot create the table ',
                                         IF(CHAR_LENGTH(v_quoted_table) > 52, CONCAT('...', SUBSTRING(v_quoted_table, -49)), v_quoted_table),
                                         ' as it already exists',
                                         IF(v_table_exists = 'TEMPORARY', ' as a temporary table.', '.'));
                SIGNAL SQLSTATE '45000'
                   SET MESSAGE_TEXT = v_error_msg;
            END IF;
        WHEN in_action = 'cleanup' THEN
            -- doesn't use any of the arguments
            DO (SELECT 1);
        ELSE
            SIGNAL SQLSTATE '45000'
               SET MESSAGE_TEXT = 'Unknown action. Supported actions are: cleanup, create_table, create_tmp, delta, overall, save, snapshot';
    END CASE;
    SET v_digest_table_template = 'CREATE %{TEMPORARY}TABLE %{TABLE_NAME} (
  `SCHEMA_NAME` varchar(64) DEFAULT NULL,
  `DIGEST` varchar(64) DEFAULT NULL,
  `DIGEST_TEXT` longtext,
  `COUNT_STAR` bigint unsigned NOT NULL,
  `SUM_TIMER_WAIT` bigint unsigned NOT NULL,
  `MIN_TIMER_WAIT` bigint unsigned NOT NULL,
  `AVG_TIMER_WAIT` bigint unsigned NOT NULL,
  `MAX_TIMER_WAIT` bigint unsigned NOT NULL,
  `SUM_LOCK_TIME` bigint unsigned NOT NULL,
  `SUM_ERRORS` bigint unsigned NOT NULL,
  `SUM_WARNINGS` bigint unsigned NOT NULL,
  `SUM_ROWS_AFFECTED` bigint unsigned NOT NULL,
  `SUM_ROWS_SENT` bigint unsigned NOT NULL,
  `SUM_ROWS_EXAMINED` bigint unsigned NOT NULL,
  `SUM_CREATED_TMP_DISK_TABLES` bigint unsigned NOT NULL,
  `SUM_CREATED_TMP_TABLES` bigint unsigned NOT NULL,
  `SUM_SELECT_FULL_JOIN` bigint unsigned NOT NULL,
  `SUM_SELECT_FULL_RANGE_JOIN` bigint unsigned NOT NULL,
  `SUM_SELECT_RANGE` bigint unsigned NOT NULL,
  `SUM_SELECT_RANGE_CHECK` bigint unsigned NOT NULL,
  `SUM_SELECT_SCAN` bigint unsigned NOT NULL,
  `SUM_SORT_MERGE_PASSES` bigint unsigned NOT NULL,
  `SUM_SORT_RANGE` bigint unsigned NOT NULL,
  `SUM_SORT_ROWS` bigint unsigned NOT NULL,
  `SUM_SORT_SCAN` bigint unsigned NOT NULL,
  `SUM_NO_INDEX_USED` bigint unsigned NOT NULL,
  `SUM_NO_GOOD_INDEX_USED` bigint unsigned NOT NULL,
  `SUM_CPU_TIME` bigint unsigned NOT NULL,
  `MAX_CONTROLLED_MEMORY` bigint unsigned NOT NULL,
  `MAX_TOTAL_MEMORY` bigint unsigned NOT NULL,
  `COUNT_SECONDARY` bigint unsigned NOT NULL,
  `FIRST_SEEN` timestamp(6) NULL DEFAULT NULL,
  `LAST_SEEN` timestamp(6) NULL DEFAULT NULL,
  `QUANTILE_95` bigint unsigned NOT NULL,
  `QUANTILE_99` bigint unsigned NOT NULL,
  `QUANTILE_999` bigint unsigned NOT NULL,
  `QUERY_SAMPLE_TEXT` longtext,
  `QUERY_SAMPLE_SEEN` timestamp(6) NULL DEFAULT NULL,
  `QUERY_SAMPLE_TIMER_WAIT` bigint unsigned NOT NULL,
  INDEX (SCHEMA_NAME, DIGEST)
) DEFAULT CHARSET=utf8mb4';
    -- Do the action
    -- The actions snapshot, ... requires a fresh snapshot - create it now
    IF (v_force_new_snapshot
           OR in_action = 'snapshot'
           OR (in_action = 'overall' AND in_table IS NULL)
           OR (in_action = 'save' AND v_tmp_digests_table_exists <> 'TEMPORARY')
       ) THEN
        IF (v_tmp_digests_table_exists = 'TEMPORARY') THEN
            IF (@sys.debug = 'ON') THEN
                SELECT 'DROP TEMPORARY TABLE IF EXISTS tmp_digests' AS 'Debug';
            END IF;
            DROP TEMPORARY TABLE IF EXISTS tmp_digests;
        END IF;
        CALL sys.execute_prepared_stmt(REPLACE(REPLACE(v_digest_table_template, '%{TEMPORARY}', 'TEMPORARY '), '%{TABLE_NAME}', 'tmp_digests'));
        SET v_sql = CONCAT('INSERT INTO tmp_digests SELECT * FROM ',
                           IF(in_table IS NULL OR in_action = 'save', 'performance_schema.events_statements_summary_by_digest', v_quoted_table));
        CALL sys.execute_prepared_stmt(v_sql);
    END IF;
    -- Go through the remaining actions
    IF (in_action IN ('create_table', 'create_tmp')) THEN
        IF (in_action = 'create_table') THEN
            CALL sys.execute_prepared_stmt(REPLACE(REPLACE(v_digest_table_template, '%{TEMPORARY}', ''), '%{TABLE_NAME}', v_quoted_table));
        ELSE
            CALL sys.execute_prepared_stmt(REPLACE(REPLACE(v_digest_table_template, '%{TEMPORARY}', 'TEMPORARY '), '%{TABLE_NAME}', v_quoted_table));
        END IF;
    ELSEIF (in_action = 'save') THEN
        CALL sys.execute_prepared_stmt(CONCAT('DELETE FROM ', v_quoted_table));
        CALL sys.execute_prepared_stmt(CONCAT('INSERT INTO ', v_quoted_table, ' SELECT * FROM tmp_digests'));
    ELSEIF (in_action = 'cleanup') THEN
        DROP TEMPORARY TABLE IF EXISTS sys.tmp_digests;
        DROP TEMPORARY TABLE IF EXISTS sys.tmp_digests_delta;
    ELSEIF (in_action IN ('overall', 'delta')) THEN
        -- These are almost the same - for delta calculate the delta in tmp_digests_delta and use that instead of tmp_digests.
        -- And overall allows overriding the table to use.
        IF (in_action = 'overall') THEN
            IF (in_table IS NULL) THEN
                SET v_digests_table = 'tmp_digests';
            ELSE
                SET v_digests_table = v_quoted_table;
            END IF;
        ELSE
            SET v_digests_table = 'tmp_digests_delta';
            DROP TEMPORARY TABLE IF EXISTS tmp_digests_delta;
            CREATE TEMPORARY TABLE tmp_digests_delta LIKE tmp_digests;
            SET v_sql = CONCAT('INSERT INTO tmp_digests_delta
SELECT `d_end`.`SCHEMA_NAME`,
       `d_end`.`DIGEST`,
       `d_end`.`DIGEST_TEXT`,
       `d_end`.`COUNT_STAR`-IFNULL(`d_start`.`COUNT_STAR`, 0) AS ''COUNT_STAR'',
       `d_end`.`SUM_TIMER_WAIT`-IFNULL(`d_start`.`SUM_TIMER_WAIT`, 0) AS ''SUM_TIMER_WAIT'',
       `d_end`.`MIN_TIMER_WAIT` AS ''MIN_TIMER_WAIT'',
       IFNULL((`d_end`.`SUM_TIMER_WAIT`-IFNULL(`d_start`.`SUM_TIMER_WAIT`, 0))/NULLIF(`d_end`.`COUNT_STAR`-IFNULL(`d_start`.`COUNT_STAR`, 0), 0), 0) AS ''AVG_TIMER_WAIT'',
       `d_end`.`MAX_TIMER_WAIT` AS ''MAX_TIMER_WAIT'',
       `d_end`.`SUM_LOCK_TIME`-IFNULL(`d_start`.`SUM_LOCK_TIME`, 0) AS ''SUM_LOCK_TIME'',
       `d_end`.`SUM_ERRORS`-IFNULL(`d_start`.`SUM_ERRORS`, 0) AS ''SUM_ERRORS'',
       `d_end`.`SUM_WARNINGS`-IFNULL(`d_start`.`SUM_WARNINGS`, 0) AS ''SUM_WARNINGS'',
       `d_end`.`SUM_ROWS_AFFECTED`-IFNULL(`d_start`.`SUM_ROWS_AFFECTED`, 0) AS ''SUM_ROWS_AFFECTED'',
       `d_end`.`SUM_ROWS_SENT`-IFNULL(`d_start`.`SUM_ROWS_SENT`, 0) AS ''SUM_ROWS_SENT'',
       `d_end`.`SUM_ROWS_EXAMINED`-IFNULL(`d_start`.`SUM_ROWS_EXAMINED`, 0) AS ''SUM_ROWS_EXAMINED'',
       `d_end`.`SUM_CREATED_TMP_DISK_TABLES`-IFNULL(`d_start`.`SUM_CREATED_TMP_DISK_TABLES`, 0) AS ''SUM_CREATED_TMP_DISK_TABLES'',
       `d_end`.`SUM_CREATED_TMP_TABLES`-IFNULL(`d_start`.`SUM_CREATED_TMP_TABLES`, 0) AS ''SUM_CREATED_TMP_TABLES'',
       `d_end`.`SUM_SELECT_FULL_JOIN`-IFNULL(`d_start`.`SUM_SELECT_FULL_JOIN`, 0) AS ''SUM_SELECT_FULL_JOIN'',
       `d_end`.`SUM_SELECT_FULL_RANGE_JOIN`-IFNULL(`d_start`.`SUM_SELECT_FULL_RANGE_JOIN`, 0) AS ''SUM_SELECT_FULL_RANGE_JOIN'',
       `d_end`.`SUM_SELECT_RANGE`-IFNULL(`d_start`.`SUM_SELECT_RANGE`, 0) AS ''SUM_SELECT_RANGE'',
       `d_end`.`SUM_SELECT_RANGE_CHECK`-IFNULL(`d_start`.`SUM_SELECT_RANGE_CHECK`, 0) AS ''SUM_SELECT_RANGE_CHECK'',
       `d_end`.`SUM_SELECT_SCAN`-IFNULL(`d_start`.`SUM_SELECT_SCAN`, 0) AS ''SUM_SELECT_SCAN'',
       `d_end`.`SUM_SORT_MERGE_PASSES`-IFNULL(`d_start`.`SUM_SORT_MERGE_PASSES`, 0) AS ''SUM_SORT_MERGE_PASSES'',
       `d_end`.`SUM_SORT_RANGE`-IFNULL(`d_start`.`SUM_SORT_RANGE`, 0) AS ''SUM_SORT_RANGE'',
       `d_end`.`SUM_SORT_ROWS`-IFNULL(`d_start`.`SUM_SORT_ROWS`, 0) AS ''SUM_SORT_ROWS'',
       `d_end`.`SUM_SORT_SCAN`-IFNULL(`d_start`.`SUM_SORT_SCAN`, 0) AS ''SUM_SORT_SCAN'',
       `d_end`.`SUM_NO_INDEX_USED`-IFNULL(`d_start`.`SUM_NO_INDEX_USED`, 0) AS ''SUM_NO_INDEX_USED'',
       `d_end`.`SUM_NO_GOOD_INDEX_USED`-IFNULL(`d_start`.`SUM_NO_GOOD_INDEX_USED`, 0) AS ''SUM_NO_GOOD_INDEX_USED'',
       `d_end`.`SUM_CPU_TIME`-IFNULL(`d_start`.`SUM_CPU_TIME`, 0) AS ''SUM_CPU_TIME'',
       `d_end`.`MAX_CONTROLLED_MEMORY` AS ''MAX_CONTROLLED_MEMORY'',
       `d_end`.`MAX_TOTAL_MEMORY` AS ''MAX_TOTAL_MEMORY'',
       `d_end`.`COUNT_SECONDARY`-IFNULL(`d_start`.`COUNT_SECONDARY`, 0) AS ''COUNT_SECONDARY'',
       `d_end`.`FIRST_SEEN`,
       `d_end`.`LAST_SEEN`,
       `d_end`.`QUANTILE_95`,
       `d_end`.`QUANTILE_99`,
       `d_end`.`QUANTILE_999`,
       `d_end`.`QUERY_SAMPLE_TEXT`,
       `d_end`.`QUERY_SAMPLE_SEEN`,
       `d_end`.`QUERY_SAMPLE_TIMER_WAIT`
  FROM tmp_digests d_end
       LEFT OUTER JOIN ', v_quoted_table, ' d_start ON `d_start`.`DIGEST` = `d_end`.`DIGEST`
                                                    AND (`d_start`.`SCHEMA_NAME` = `d_end`.`SCHEMA_NAME`
                                                          OR (`d_start`.`SCHEMA_NAME` IS NULL AND `d_end`.`SCHEMA_NAME` IS NULL)
                                                        )
 WHERE `d_end`.`COUNT_STAR`-IFNULL(`d_start`.`COUNT_STAR`, 0) > 0');
            CALL sys.execute_prepared_stmt(v_sql);
        END IF;
        IF (FIND_IN_SET('with_runtimes_in_95th_percentile', in_views)) THEN
            SELECT 'Queries with Runtime in 95th Percentile' AS 'Next Output';
            DROP TEMPORARY TABLE IF EXISTS tmp_digest_avg_latency_distribution1;
            DROP TEMPORARY TABLE IF EXISTS tmp_digest_avg_latency_distribution2;
            DROP TEMPORARY TABLE IF EXISTS tmp_digest_95th_percentile_by_avg_us;
            CREATE TEMPORARY TABLE tmp_digest_avg_latency_distribution1 (
              cnt bigint unsigned NOT NULL,
              avg_us decimal(21,0) NOT NULL,
              PRIMARY KEY (avg_us)
            ) ENGINE=InnoDB;
            SET v_sql = CONCAT('INSERT INTO tmp_digest_avg_latency_distribution1
SELECT COUNT(*) cnt,
       ROUND(avg_timer_wait/1000000) AS avg_us
  FROM ', v_digests_table, '
 GROUP BY avg_us');
            CALL sys.execute_prepared_stmt(v_sql);
            CREATE TEMPORARY TABLE tmp_digest_avg_latency_distribution2 LIKE tmp_digest_avg_latency_distribution1;
            INSERT INTO tmp_digest_avg_latency_distribution2 SELECT * FROM tmp_digest_avg_latency_distribution1;
            CREATE TEMPORARY TABLE tmp_digest_95th_percentile_by_avg_us (
              avg_us decimal(21,0) NOT NULL,
              percentile decimal(46,4) NOT NULL,
              PRIMARY KEY (avg_us)
            ) ENGINE=InnoDB;
            SET v_sql = CONCAT('INSERT INTO tmp_digest_95th_percentile_by_avg_us
SELECT s2.avg_us avg_us,
       IFNULL(SUM(s1.cnt)/NULLIF((SELECT COUNT(*) FROM ', v_digests_table, '), 0), 0) percentile
  FROM tmp_digest_avg_latency_distribution1 AS s1
       JOIN tmp_digest_avg_latency_distribution2 AS s2 ON s1.avg_us <= s2.avg_us
 GROUP BY s2.avg_us
HAVING percentile > 0.95
 ORDER BY percentile
 LIMIT 1');
            CALL sys.execute_prepared_stmt(v_sql);
            SET v_sql =
                REPLACE(
                    REPLACE(
                        (SELECT VIEW_DEFINITION
                           FROM information_schema.VIEWS
                          WHERE TABLE_SCHEMA = DATABASE() AND TABLE_NAME = 'statements_with_runtimes_in_95th_percentile'
                        ),
                        '`performance_schema`.`events_statements_summary_by_digest`',
                        v_digests_table
                    ),
                    'sys.x$ps_digest_95th_percentile_by_avg_us',
                    '`sys`.`x$ps_digest_95th_percentile_by_avg_us`'
              );
            CALL sys.execute_prepared_stmt(v_sql);
            DROP TEMPORARY TABLE tmp_digest_avg_latency_distribution1;
            DROP TEMPORARY TABLE tmp_digest_avg_latency_distribution2;
            DROP TEMPORARY TABLE tmp_digest_95th_percentile_by_avg_us;
        END IF;
        IF (FIND_IN_SET('analysis', in_views)) THEN
            SELECT CONCAT('Top ', @sys.statement_performance_analyzer.limit, ' Queries Ordered by Total Latency') AS 'Next Output';
            SET v_sql =
                REPLACE(
                    (SELECT VIEW_DEFINITION
                       FROM information_schema.VIEWS
                      WHERE TABLE_SCHEMA = DATABASE() AND TABLE_NAME = 'statement_analysis'
                    ),
                    '`performance_schema`.`events_statements_summary_by_digest`',
                    v_digests_table
                );
            IF (@sys.statement_performance_analyzer.limit > 0) THEN
                SET v_sql = CONCAT(v_sql, ' LIMIT ', @sys.statement_performance_analyzer.limit);
            END IF;
            CALL sys.execute_prepared_stmt(v_sql);
        END IF;
        IF (FIND_IN_SET('with_errors_or_warnings', in_views)) THEN
            SELECT CONCAT('Top ', @sys.statement_performance_analyzer.limit, ' Queries with Errors') AS 'Next Output';
            SET v_sql =
                REPLACE(
                    (SELECT VIEW_DEFINITION
                       FROM information_schema.VIEWS
                      WHERE TABLE_SCHEMA = DATABASE() AND TABLE_NAME = 'statements_with_errors_or_warnings'
                    ),
                    '`performance_schema`.`events_statements_summary_by_digest`',
                    v_digests_table
                );
            IF (@sys.statement_performance_analyzer.limit > 0) THEN
                SET v_sql = CONCAT(v_sql, ' LIMIT ', @sys.statement_performance_analyzer.limit);
            END IF;
            CALL sys.execute_prepared_stmt(v_sql);
        END IF;
        IF (FIND_IN_SET('with_full_table_scans', in_views)) THEN
            SELECT CONCAT('Top ', @sys.statement_performance_analyzer.limit, ' Queries with Full Table Scan') AS 'Next Output';
            SET v_sql =
                REPLACE(
                    (SELECT VIEW_DEFINITION
                       FROM information_schema.VIEWS
                      WHERE TABLE_SCHEMA = DATABASE() AND TABLE_NAME = 'statements_with_full_table_scans'
                    ),
                    '`performance_schema`.`events_statements_summary_by_digest`',
                    v_digests_table
                );
            IF (@sys.statement_performance_analyzer.limit > 0) THEN
                SET v_sql = CONCAT(v_sql, ' LIMIT ', @sys.statement_performance_analyzer.limit);
            END IF;
            CALL sys.execute_prepared_stmt(v_sql);
        END IF;
        IF (FIND_IN_SET('with_sorting', in_views)) THEN
            SELECT CONCAT('Top ', @sys.statement_performance_analyzer.limit, ' Queries with Sorting') AS 'Next Output';
            SET v_sql =
                REPLACE(
                    (SELECT VIEW_DEFINITION
                       FROM information_schema.VIEWS
                      WHERE TABLE_SCHEMA = DATABASE() AND TABLE_NAME = 'statements_with_sorting'
                    ),
                    '`performance_schema`.`events_statements_summary_by_digest`',
                    v_digests_table
                );
            IF (@sys.statement_performance_analyzer.limit > 0) THEN
                SET v_sql = CONCAT(v_sql, ' LIMIT ', @sys.statement_performance_analyzer.limit);
            END IF;
            CALL sys.execute_prepared_stmt(v_sql);
        END IF;
        IF (FIND_IN_SET('with_temp_tables', in_views)) THEN
            SELECT CONCAT('Top ', @sys.statement_performance_analyzer.limit, ' Queries with Internal Temporary Tables') AS 'Next Output';
            SET v_sql =
                REPLACE(
                    (SELECT VIEW_DEFINITION
                       FROM information_schema.VIEWS
                      WHERE TABLE_SCHEMA = DATABASE() AND TABLE_NAME = 'statements_with_temp_tables'
                    ),
                    '`performance_schema`.`events_statements_summary_by_digest`',
                    v_digests_table
                );
            IF (@sys.statement_performance_analyzer.limit > 0) THEN
                SET v_sql = CONCAT(v_sql, ' LIMIT ', @sys.statement_performance_analyzer.limit);
            END IF;
            CALL sys.execute_prepared_stmt(v_sql);
        END IF;
        IF (FIND_IN_SET('custom', in_views)) THEN
            SELECT CONCAT('Top ', @sys.statement_performance_analyzer.limit, ' Queries Using Custom View') AS 'Next Output';
            IF (@sys.statement_performance_analyzer.view IS NULL) THEN
                SET @sys.statement_performance_analyzer.view = sys.sys_get_config('statement_performance_analyzer.view', NULL);
            END IF;
            IF (@sys.statement_performance_analyzer.view IS NULL) THEN
                SIGNAL SQLSTATE '45000'
                   SET MESSAGE_TEXT = 'The @sys.statement_performance_analyzer.view user variable must be set with the view or query to use.';
            END IF;
            IF (NOT INSTR(@sys.statement_performance_analyzer.view, ' ')) THEN
                -- No spaces, so can't be a query
                IF (NOT INSTR(@sys.statement_performance_analyzer.view, '.')) THEN
                    -- No . in the table name - use current database
                    -- DATABASE() will be the database of the procedure
                    SET v_custom_db   = DATABASE(),
                        v_custom_name = @sys.statement_performance_analyzer.view;
                ELSE
                    SET v_custom_db   = SUBSTRING_INDEX(@sys.statement_performance_analyzer.view, '.', 1);
                    SET v_custom_name = SUBSTRING(@sys.statement_performance_analyzer.view, CHAR_LENGTH(v_custom_db)+2);
                END IF;
                CALL sys.table_exists(v_custom_db, v_custom_name, v_custom_view_exists);
                IF (v_custom_view_exists <> 'VIEW') THEN
                    SIGNAL SQLSTATE '45000'
                       SET MESSAGE_TEXT = 'The @sys.statement_performance_analyzer.view user variable is set but specified neither an existing view nor a query.';
                END IF;
                SET v_sql =
                    REPLACE(
                        (SELECT VIEW_DEFINITION
                           FROM information_schema.VIEWS
                          WHERE TABLE_SCHEMA = v_custom_db AND TABLE_NAME = v_custom_name
                        ),
                        '`performance_schema`.`events_statements_summary_by_digest`',
                        v_digests_table
                    );
            ELSE
                SET v_sql = REPLACE(@sys.statement_performance_analyzer.view, '`performance_schema`.`events_statements_summary_by_digest`', v_digests_table);
            END IF;
            IF (@sys.statement_performance_analyzer.limit > 0) THEN
                SET v_sql = CONCAT(v_sql, ' LIMIT ', @sys.statement_performance_analyzer.limit);
            END IF;
            CALL sys.execute_prepared_stmt(v_sql);
        END IF;
    END IF;
    -- Restore INSTRUMENTED for this thread
    IF (v_this_thread_enabled = 'YES') THEN
        CALL sys.ps_setup_enable_thread(CONNECTION_ID());
    END IF;
    IF ((@log_bin = 1) AND (@@binlog_format = 'STATEMENT')) THEN
        SET sql_log_bin = @log_bin;
    END IF;
END ;;
DELIMITER ;
/*!50003 SET sql_mode              = @saved_sql_mode */ ;
/*!50003 SET character_set_client  = @saved_cs_client */ ;
/*!50003 SET character_set_results = @saved_cs_results */ ;
/*!50003 SET collation_connection  = @saved_col_connection */ ;
/*!50003 DROP PROCEDURE IF EXISTS `store_box` */;
/*!50003 SET @saved_cs_client      = @@character_set_client */ ;
/*!50003 SET @saved_cs_results     = @@character_set_results */ ;
/*!50003 SET @saved_col_connection = @@collation_connection */ ;
/*!50003 SET character_set_client  = utf8mb4 */ ;
/*!50003 SET character_set_results = utf8mb4 */ ;
/*!50003 SET collation_connection  = utf8mb4_0900_ai_ci */ ;
/*!50003 SET @saved_sql_mode       = @@sql_mode */ ;
/*!50003 SET sql_mode              = 'ONLY_FULL_GROUP_BY,STRICT_TRANS_TABLES,NO_ZERO_IN_DATE,NO_ZERO_DATE,ERROR_FOR_DIVISION_BY_ZERO,NO_ENGINE_SUBSTITUTION' */ ;
DELIMITER ;;
CREATE DEFINER=`root`@`localhost` PROCEDURE `store_box`(IN ID INT, IN tray INT)
BEGIN
	INSERT INTO storedBoxes (boxId,trayId) VALUES (ID, tray);
END ;;
DELIMITER ;
/*!50003 SET sql_mode              = @saved_sql_mode */ ;
/*!50003 SET character_set_client  = @saved_cs_client */ ;
/*!50003 SET character_set_results = @saved_cs_results */ ;
/*!50003 SET collation_connection  = @saved_col_connection */ ;
/*!50003 DROP PROCEDURE IF EXISTS `table_exists` */;
/*!50003 SET @saved_cs_client      = @@character_set_client */ ;
/*!50003 SET @saved_cs_results     = @@character_set_results */ ;
/*!50003 SET @saved_col_connection = @@collation_connection */ ;
/*!50003 SET character_set_client  = utf8mb4 */ ;
/*!50003 SET character_set_results = utf8mb4 */ ;
/*!50003 SET collation_connection  = utf8mb4_0900_ai_ci */ ;
/*!50003 SET @saved_sql_mode       = @@sql_mode */ ;
/*!50003 SET sql_mode              = 'ONLY_FULL_GROUP_BY,STRICT_TRANS_TABLES,NO_ZERO_IN_DATE,NO_ZERO_DATE,ERROR_FOR_DIVISION_BY_ZERO,NO_ENGINE_SUBSTITUTION' */ ;
DELIMITER ;;
CREATE DEFINER=`mysql.sys`@`localhost` PROCEDURE `table_exists`(
        IN in_db VARCHAR(64), IN in_table VARCHAR(64),
        OUT out_exists ENUM('', 'BASE TABLE', 'VIEW', 'TEMPORARY')
    )
    SQL SECURITY INVOKER
    COMMENT '\nDescription\n-----------\n\nTests whether the table specified in in_db and in_table exists either as a regular\ntable, or as a temporary table. The returned value corresponds to the table that\nwill be used, so if there''s both a temporary and a permanent table with the given\nname, then ''TEMPORARY'' will be returned.\n\nParameters\n-----------\n\nin_db (VARCHAR(64)):\n  The database name to check for the existance of the table in.\n\nin_table (VARCHAR(64)):\n  The name of the table to check the existance of.\n\nout_exists ENUM('''', ''BASE TABLE'', ''VIEW'', ''TEMPORARY''):\n  The return value: whether the table exists. The value is one of:\n    * ''''           - the table does not exist neither as a base table, view, nor temporary table.\n    * ''BASE TABLE'' - the table name exists as a permanent base table table.\n    * ''VIEW''       - the table name exists as a view.\n    * ''TEMPORARY''  - the table name exists as a temporary table.\n\nExample\n--------\n\nmysql> CREATE DATABASE db1;\nQuery OK, 1 row affected (0.07 sec)\n\nmysql> use db1;\nDatabase changed\nmysql> CREATE TABLE t1 (id INT PRIMARY KEY);\nQuery OK, 0 rows affected (0.08 sec)\n\nmysql> CREATE TABLE t2 (id INT PRIMARY KEY);\nQuery OK, 0 rows affected (0.08 sec)\n\nmysql> CREATE view v_t1 AS SELECT * FROM t1;\nQuery OK, 0 rows affected (0.00 sec)\n\nmysql> CREATE TEMPORARY TABLE t1 (id INT PRIMARY KEY);\nQuery OK, 0 rows affected (0.00 sec)\n\nmysql> CALL sys.table_exists(''db1'', ''t1'', @exists); SELECT @exists;\nQuery OK, 0 rows affected (0.00 sec)\n\n+------------+\n| @exists    |\n+------------+\n| TEMPORARY  |\n+------------+\n1 row in set (0.00 sec)\n\nmysql> CALL sys.table_exists(''db1'', ''t2'', @exists); SELECT @exists;\nQuery OK, 0 rows affected (0.00 sec)\n\n+------------+\n| @exists    |\n+------------+\n| BASE TABLE |\n+------------+\n1 row in set (0.01 sec)\n\nmysql> CALL sys.table_exists(''db1'', ''v_t1'', @exists); SELECT @exists;\nQuery OK, 0 rows affected (0.00 sec)\n\n+---------+\n| @exists |\n+---------+\n| VIEW    |\n+---------+\n1 row in set (0.00 sec)\n\nmysql> CALL sys.table_exists(''db1'', ''t3'', @exists); SELECT @exists;\nQuery OK, 0 rows affected (0.01 sec)\n\n+---------+\n| @exists |\n+---------+\n|         |\n+---------+\n1 row in set (0.00 sec)\n'
BEGIN
    DECLARE v_error BOOLEAN DEFAULT FALSE;
    DECLARE CONTINUE HANDLER FOR 1050 SET v_error = TRUE;
    DECLARE CONTINUE HANDLER FOR 1146 SET v_error = TRUE;
    SET out_exists = '';
    -- Verify whether the table name exists as a normal table
    IF (EXISTS(SELECT 1 FROM information_schema.TABLES WHERE TABLE_SCHEMA = in_db AND TABLE_NAME = in_table)) THEN
        -- Unfortunately the only way to determine whether there is also a temporary table is to try to create
        -- a temporary table with the same name. If it succeeds the table didn't exist as a temporary table.
        SET @sys.tmp.table_exists.SQL = CONCAT('CREATE TEMPORARY TABLE `', in_db, '`.`', in_table, '` (id INT PRIMARY KEY)');
        PREPARE stmt_create_table FROM @sys.tmp.table_exists.SQL;
        EXECUTE stmt_create_table;
        DEALLOCATE PREPARE stmt_create_table;
        IF (v_error) THEN
            SET out_exists = 'TEMPORARY';
        ELSE
            -- The temporary table was created, i.e. it didn't exist. Remove it again so we don't leave garbage around.
            SET @sys.tmp.table_exists.SQL = CONCAT('DROP TEMPORARY TABLE `', in_db, '`.`', in_table, '`');
            PREPARE stmt_drop_table FROM @sys.tmp.table_exists.SQL;
            EXECUTE stmt_drop_table;
            DEALLOCATE PREPARE stmt_drop_table;
            SET out_exists = (SELECT TABLE_TYPE FROM information_schema.TABLES WHERE TABLE_SCHEMA = in_db AND TABLE_NAME = in_table);
        END IF;
    ELSE
        -- Check whether a temporary table exists with the same name.
        -- If it does it's possible to SELECT from the table without causing an error.
        -- If it does not exist even a PREPARE using the table will fail.
        SET @sys.tmp.table_exists.SQL = CONCAT('SELECT COUNT(*) FROM `', in_db, '`.`', in_table, '`');
        PREPARE stmt_select FROM @sys.tmp.table_exists.SQL;
        IF (NOT v_error) THEN
            DEALLOCATE PREPARE stmt_select;
            SET out_exists = 'TEMPORARY';
        END IF;
    END IF;
END ;;
DELIMITER ;
/*!50003 SET sql_mode              = @saved_sql_mode */ ;
/*!50003 SET character_set_client  = @saved_cs_client */ ;
/*!50003 SET character_set_results = @saved_cs_results */ ;
/*!50003 SET collation_connection  = @saved_col_connection */ ;
/*!50003 DROP PROCEDURE IF EXISTS `updateBox` */;
/*!50003 SET @saved_cs_client      = @@character_set_client */ ;
/*!50003 SET @saved_cs_results     = @@character_set_results */ ;
/*!50003 SET @saved_col_connection = @@collation_connection */ ;
/*!50003 SET character_set_client  = utf8mb4 */ ;
/*!50003 SET character_set_results = utf8mb4 */ ;
/*!50003 SET collation_connection  = utf8mb4_0900_ai_ci */ ;
/*!50003 SET @saved_sql_mode       = @@sql_mode */ ;
/*!50003 SET sql_mode              = 'ONLY_FULL_GROUP_BY,STRICT_TRANS_TABLES,NO_ZERO_IN_DATE,NO_ZERO_DATE,ERROR_FOR_DIVISION_BY_ZERO,NO_ENGINE_SUBSTITUTION' */ ;
DELIMITER ;;
CREATE DEFINER=`root`@`localhost` PROCEDURE `updateBox`(IN boxid INT,IN lastx DOUBLE, IN lasty DOUBLE, IN lastz DOUBLE, IN cx DOUBLE, IN cy DOUBLE, IN cz DOUBLE)
BEGIN
	update storedBoxes
    set lastX = lastx, lastY =lasty, lastZ = lastz, clusterX = cx, clusterY = cy, clusterZ = cz
    Where id = boxid;
END ;;
DELIMITER ;
/*!50003 SET sql_mode              = @saved_sql_mode */ ;
/*!50003 SET character_set_client  = @saved_cs_client */ ;
/*!50003 SET character_set_results = @saved_cs_results */ ;
/*!50003 SET collation_connection  = @saved_col_connection */ ;
/*!40103 SET TIME_ZONE=@OLD_TIME_ZONE */;

/*!40101 SET SQL_MODE=@OLD_SQL_MODE */;
/*!40014 SET FOREIGN_KEY_CHECKS=@OLD_FOREIGN_KEY_CHECKS */;
/*!40014 SET UNIQUE_CHECKS=@OLD_UNIQUE_CHECKS */;
/*!40101 SET CHARACTER_SET_CLIENT=@OLD_CHARACTER_SET_CLIENT */;
/*!40101 SET CHARACTER_SET_RESULTS=@OLD_CHARACTER_SET_RESULTS */;
/*!40101 SET COLLATION_CONNECTION=@OLD_COLLATION_CONNECTION */;
/*!40111 SET SQL_NOTES=@OLD_SQL_NOTES */;

-- Dump completed on 2024-07-04  0:25:15
